,LABEL
0,0
3600,0
7200,0
10800,0
14400,0
18000,0
21600,0
25200,0
28800,0
32400,0
36000,0
39600,0
43200,0
46800,0
50400,0
54000,0
57600,0
61200,0
64800,0
68400,0
72000,0
75600,0
79200,0
82800,0
86400,0
90000,0
93600,0
97200,0
100800,0
104400,0
108000,0
111600,0
115200,0
118800,0
122400,0
126000,0
129600,0
133200,0
136800,0
140400,0
144000,0
147600,0
151200,0
154800,0
158400,0
162000,0
165600,0
169200,0
172800,0
176400,0
180000,0
183600,0
187200,0
190800,0
194400,0
198000,0
201600,0
205200,0
208800,0
212400,0
216000,0
219600,0
223200,0
226800,0
230400,0
234000,0
237600,0
241200,0
244800,0
248400,0
252000,0
255600,0
259200,0
262800,0
266400,0
270000,0
273600,0
277200,0
280800,0
284400,0
288000,0
291600,0
295200,0
298800,0
302400,0
306000,0
309600,0
313200,0
316800,0
320400,0
324000,0
327600,0
331200,0
334800,0
338400,0
342000,0
345600,0
349200,0
352800,0
356400,0
360000,0
363600,0
367200,0
370800,0
374400,0
378000,0
381600,0
385200,0
388800,0
392400,0
396000,0
399600,0
403200,0
406800,0
410400,0
414000,0
417600,0
421200,0
424800,0
428400,0
432000,0
435600,0
439200,0
442800,0
446400,0
450000,0
453600,0
457200,0
460800,0
464400,0
468000,0
471600,0
475200,0
478800,0
482400,0
486000,0
489600,0
493200,0
496800,0
500400,0
504000,0
507600,0
511200,0
514800,0
518400,0
522000,0
525600,0
529200,0
532800,0
536400,0
540000,0
543600,0
547200,0
550800,0
554400,0
558000,0
561600,0
565200,0
568800,0
572400,0
576000,0
579600,0
583200,0
586800,0
590400,0
594000,0
597600,0
601200,0
604800,0
608400,0
612000,0
615600,0
619200,0
622800,0
626400,0
630000,0
633600,0
637200,0
640800,0
644400,0
648000,0
651600,0
655200,0
658800,0
662400,0
666000,0
669600,0
673200,0
676800,0
680400,0
684000,0
687600,0
691200,0
694800,0
698400,0
702000,0
705600,0
709200,0
712800,0
716400,0
720000,0
723600,0
727200,0
730800,0
734400,0
738000,0
741600,0
745200,0
748800,0
752400,0
756000,0
759600,0
763200,0
766800,0
770400,0
774000,0
777600,0
781200,0
784800,0
788400,0
792000,0
795600,0
799200,0
802800,0
806400,0
810000,0
813600,0
817200,0
820800,0
824400,0
828000,0
831600,0
835200,0
838800,0
842400,0
846000,0
849600,0
853200,0
856800,0
860400,0
864000,0
867600,0
871200,0
874800,0
878400,0
882000,0
885600,0
889200,0
892800,0
896400,0
900000,0
903600,0
907200,0
910800,0
914400,0
918000,0
921600,0
925200,0
928800,0
932400,0
936000,0
939600,0
943200,0
946800,0
950400,0
954000,0
957600,0
961200,0
964800,0
968400,0
972000,0
975600,0
979200,0
982800,0
986400,0
990000,0
993600,0
997200,0
1000800,0
1004400,0
1008000,0
1011600,0
1015200,0
1018800,0
1022400,0
1026000,0
1029600,0
1033200,0
1036800,0
1040400,0
1044000,0
1047600,0
1051200,0
1054800,0
1058400,0
1062000,0
1065600,0
1069200,0
1072800,0
1076400,0
1080000,0
1083600,0
1087200,0
1090800,0
1094400,0
1098000,0
1101600,0
1105200,0
1108800,0
1112400,0
1116000,0
1119600,0
1123200,0
1126800,0
1130400,0
1134000,0
1137600,0
1141200,0
1144800,0
1148400,0
1152000,0
1155600,0
1159200,0
1162800,0
1166400,0
1170000,0
1173600,0
1177200,0
1180800,0
1184400,0
1188000,0
1191600,0
1195200,0
1198800,0
1202400,0
1206000,0
1209600,0
1213200,0
1216800,0
1220400,0
1224000,0
1227600,0
1231200,0
1234800,0
1238400,0
1242000,0
1245600,0
1249200,0
1252800,0
1256400,0
1260000,0
1263600,0
1267200,0
1270800,0
1274400,0
1278000,0
1281600,0
1285200,0
1288800,0
1292400,0
1296000,0
1299600,0
1303200,0
1306800,0
1310400,0
1314000,0
1317600,0
1321200,0
1324800,0
1328400,0
1332000,0
1335600,0
1339200,0
1342800,0
1346400,0
1350000,0
1353600,0
1357200,0
1360800,0
1364400,0
1368000,0
1371600,0
1375200,0
1378800,0
1382400,0
1386000,0
1389600,0
1393200,0
1396800,0
1400400,0
1404000,0
1407600,0
1411200,0
1414800,0
1418400,0
1422000,0
1425600,0
1429200,0
1432800,0
1436400,0
1440000,0
1443600,0
1447200,0
1450800,0
1454400,0
1458000,0
1461600,0
1465200,0
1468800,0
1472400,0
1476000,0
1479600,0
1483200,0
1486800,0
1490400,0
1494000,0
1497600,0
1501200,0
1504800,0
1508400,0
1512000,0
1515600,0
1519200,0
1522800,0
1526400,0
1530000,0
1533600,0
1537200,0
1540800,0
1544400,0
1548000,0
1551600,0
1555200,0
1558800,0
1562400,0
1566000,0
1569600,0
1573200,0
1576800,0
1580400,0
1584000,0
1587600,0
1591200,0
1594800,0
1598400,0
1602000,0
1605600,0
1609200,0
1612800,0
1616400,0
1620000,0
1623600,0
1627200,0
1630800,0
1634400,0
1638000,0
1641600,0
1645200,0
1648800,0
1652400,0
1656000,0
1659600,0
1663200,0
1666800,0
1670400,0
1674000,0
1677600,0
1681200,0
1684800,0
1688400,0
1692000,0
1695600,0
1699200,0
1702800,0
1706400,0
1710000,0
1713600,0
1717200,0
1720800,0
1724400,0
1728000,0
1731600,0
1735200,0
1738800,0
1742400,0
1746000,0
1749600,0
1753200,0
1756800,0
1760400,0
1764000,0
1767600,0
1771200,0
1774800,0
1778400,0
1782000,0
1785600,0
1789200,0
1792800,0
1796400,0
1800000,0
1803600,0
1807200,0
1810800,0
1814400,0
1818000,0
1821600,0
1825200,0
1828800,0
1832400,0
1836000,0
1839600,0
1843200,0
1846800,0
1850400,0
1854000,0
1857600,0
1861200,0
1864800,0
1868400,0
1872000,0
1875600,0
1879200,0
1882800,0
1886400,0
1890000,0
1893600,0
1897200,0
1900800,1
1904400,1
1908000,1
1911600,1
1915200,1
1918800,1
1922400,1
1926000,1
1929600,1
1933200,1
1936800,1
1940400,1
1944000,1
1947600,1
1951200,1
1954800,1
1958400,1
1962000,1
1965600,1
1969200,1
1972800,1
1976400,1
1980000,1
1983600,1
1987200,1
1990800,1
1994400,1
1998000,1
2001600,1
2005200,1
2008800,1
2012400,1
2016000,1
2019600,1
2023200,1
2026800,1
2030400,1
2034000,1
2037600,1
2041200,1
2044800,1
2048400,1
2052000,1
2055600,1
2059200,1
2062800,1
2066400,1
2070000,1
2073600,1
2077200,1
2080800,1
2084400,1
2088000,1
2091600,1
2095200,1
2098800,1
2102400,1
2106000,1
2109600,1
2113200,1
2116800,1
2120400,1
2124000,1
2127600,1
2131200,1
2134800,1
2138400,1
2142000,1
2145600,1
2149200,1
2152800,1
2156400,1
2160000,1
2163600,1
2167200,1
2170800,1
2174400,1
2178000,1
2181600,1
2185200,1
2188800,1
2192400,1
2196000,1
2199600,1
2203200,1
2206800,1
2210400,1
2214000,1
2217600,1
2221200,1
2224800,1
2228400,1
2232000,1
2235600,1
2239200,1
2242800,1
2246400,1
2250000,1
2253600,1
2257200,1
2260800,1
2264400,1
2268000,1
2271600,1
2275200,1
2278800,1
2282400,1
2286000,1
2289600,1
2293200,1
2296800,1
2300400,1
2304000,1
2307600,1
2311200,1
2314800,1
2318400,1
2322000,1
2325600,1
2329200,1
2332800,1
2336400,1
2340000,1
2343600,1
2347200,1
2350800,1
2354400,1
2358000,1
2361600,1
2365200,1
2368800,1
2372400,1
2376000,1
2379600,1
2383200,1
2386800,1
2390400,1
2394000,1
2397600,1
2401200,1
2404800,1
2408400,1
2412000,1
2415600,1
2419200,1
2422800,1
2426400,1
2430000,1
2433600,1
2437200,1
2440800,1
2444400,1
2448000,1
2451600,1
2455200,1
2458800,1
2462400,1
2466000,1
2469600,1
2473200,1
2476800,1
2480400,1
2484000,1
2487600,1
2491200,1
2494800,1
2498400,1
2502000,1
2505600,1
2509200,1
2512800,1
2516400,1
2520000,1
2523600,1
2527200,1
2530800,1
2534400,0
2538000,0
2541600,0
2545200,0
2548800,0
2552400,0
2556000,0
2559600,0
2563200,0
2566800,0
2570400,0
2574000,0
2577600,0
2581200,0
2584800,0
2588400,0
2592000,0
2595600,0
2599200,0
2602800,0
2606400,0
2610000,0
2613600,0
2617200,0
2620800,0
2624400,0
2628000,0
2631600,0
2635200,0
2638800,0
2642400,0
2646000,0
2649600,0
2653200,0
2656800,0
2660400,0
2664000,0
2667600,0
2671200,0
2674800,0
2678400,0
2682000,0
2685600,0
2689200,0
2692800,0
2696400,0
2700000,0
2703600,0
2707200,0
2710800,0
2714400,0
2718000,0
2721600,0
2725200,0
2728800,0
2732400,0
2736000,0
2739600,0
2743200,0
2746800,0
2750400,0
2754000,0
2757600,0
2761200,0
2764800,0
2768400,0
2772000,0
2775600,0
2779200,0
2782800,0
2786400,0
2790000,0
2793600,0
2797200,0
2800800,0
2804400,0
2808000,0
2811600,0
2815200,0
2818800,0
2822400,0
2826000,0
2829600,0
2833200,0
2836800,0
2840400,0
2844000,0
2847600,0
2851200,0
2854800,0
2858400,0
2862000,0
2865600,0
2869200,0
2872800,0
2876400,0
2880000,0
2883600,0
2887200,0
2890800,0
2894400,0
2898000,0
2901600,0
2905200,0
2908800,0
2912400,0
2916000,0
2919600,0
2923200,0
2926800,0
2930400,0
2934000,0
2937600,0
2941200,0
2944800,0
2948400,0
2952000,0
2955600,0
2959200,0
2962800,0
2966400,0
2970000,0
2973600,0
2977200,0
2980800,0
2984400,0
2988000,0
2991600,0
2995200,0
2998800,0
3002400,0
3006000,0
3009600,0
3013200,0
3016800,0
3020400,0
3024000,0
3027600,0
3031200,0
3034800,0
3038400,0
3042000,0
3045600,0
3049200,0
3052800,0
3056400,0
3060000,0
3063600,0
3067200,0
3070800,0
3074400,0
3078000,0
3081600,0
3085200,0
3088800,0
3092400,0
3096000,0
3099600,0
3103200,0
3106800,0
3110400,0
3114000,0
3117600,0
3121200,0
3124800,0
3128400,0
3132000,0
3135600,0
3139200,0
3142800,0
3146400,0
3150000,0
3153600,0
3157200,0
3160800,0
3164400,0
3168000,0
3171600,0
3175200,0
3178800,0
3182400,0
3186000,0
3189600,0
3193200,0
3196800,0
3200400,0
3204000,0
3207600,0
3211200,0
3214800,0
3218400,0
3222000,0
3225600,0
3229200,0
3232800,0
3236400,0
3240000,0
3243600,0
3247200,0
3250800,0
3254400,0
3258000,0
3261600,0
3265200,0
3268800,0
3272400,0
3276000,0
3279600,0
3283200,1
3286800,1
3290400,1
3294000,1
3297600,1
3301200,1
3304800,1
3308400,1
3312000,1
3315600,1
3319200,1
3322800,1
3326400,1
3330000,1
3333600,1
3337200,1
3340800,1
3344400,1
3348000,1
3351600,1
3355200,1
3358800,1
3362400,1
3366000,1
3369600,1
3373200,1
3376800,1
3380400,1
3384000,1
3387600,1
3391200,1
3394800,1
3398400,1
3402000,1
3405600,1
3409200,1
3412800,1
3416400,1
3420000,1
3423600,1
3427200,1
3430800,1
3434400,1
3438000,1
3441600,1
3445200,1
3448800,1
3452400,1
3456000,1
3459600,1
3463200,1
3466800,1
3470400,1
3474000,1
3477600,1
3481200,1
3484800,1
3488400,1
3492000,1
3495600,1
3499200,1
3502800,1
3506400,1
3510000,1
3513600,1
3517200,1
3520800,1
3524400,1
3528000,1
3531600,1
3535200,1
3538800,1
3542400,1
3546000,1
3549600,1
3553200,1
3556800,1
3560400,1
3564000,1
3567600,1
3571200,1
3574800,1
3578400,1
3582000,1
3585600,1
3589200,1
3592800,1
3596400,1
3600000,1
3603600,1
3607200,1
3610800,1
3614400,1
3618000,1
3621600,1
3625200,1
3628800,1
3632400,1
3636000,1
3639600,1
3643200,1
3646800,1
3650400,1
3654000,1
3657600,1
3661200,1
3664800,1
3668400,1
3672000,1
3675600,1
3679200,1
3682800,1
3686400,1
3690000,1
3693600,1
3697200,1
3700800,1
3704400,1
3708000,1
3711600,1
3715200,1
3718800,1
3722400,1
3726000,1
3729600,1
3733200,1
3736800,1
3740400,1
3744000,1
3747600,1
3751200,1
3754800,1
3758400,1
3762000,1
3765600,1
3769200,1
3772800,1
3776400,1
3780000,1
3783600,1
3787200,1
3790800,1
3794400,1
3798000,1
3801600,1
3805200,1
3808800,1
3812400,1
3816000,1
3819600,1
3823200,1
3826800,1
3830400,1
3834000,1
3837600,1
3841200,1
3844800,1
3848400,1
3852000,1
3855600,1
3859200,1
3862800,1
3866400,1
3870000,1
3873600,1
3877200,1
3880800,1
3884400,1
3888000,1
3891600,1
3895200,1
3898800,1
3902400,1
3906000,1
3909600,1
3913200,1
3916800,1
3920400,1
3924000,1
3927600,1
3931200,1
3934800,1
3938400,1
3942000,1
3945600,0
3949200,0
3952800,0
3956400,0
3960000,0
3963600,0
3967200,0
3970800,0
3974400,0
3978000,0
3981600,0
3985200,0
3988800,0
3992400,0
3996000,0
3999600,0
4003200,0
4006800,0
4010400,0
4014000,0
4017600,0
4021200,0
4024800,0
4028400,0
4032000,0
4035600,0
4039200,0
4042800,0
4046400,0
4050000,0
4053600,0
4057200,0
4060800,0
4064400,0
4068000,0
4071600,0
4075200,0
4078800,0
4082400,0
4086000,0
4089600,0
4093200,0
4096800,0
4100400,0
4104000,0
4107600,0
4111200,0
4114800,0
4118400,0
4122000,0
4125600,0
4129200,0
4132800,0
4136400,0
4140000,0
4143600,0
4147200,0
4150800,0
4154400,0
4158000,0
4161600,0
4165200,0
4168800,0
4172400,0
4176000,0
4179600,0
4183200,0
4186800,0
4190400,0
4194000,0
4197600,0
4201200,0
4204800,0
4208400,0
4212000,0
4215600,0
4219200,0
4222800,0
4226400,0
4230000,0
4233600,0
4237200,0
4240800,0
4244400,0
4248000,0
4251600,0
4255200,0
4258800,0
4262400,0
4266000,0
4269600,0
4273200,0
4276800,0
4280400,0
4284000,0
4287600,0
4291200,0
4294800,0
4298400,0
4302000,0
4305600,0
4309200,0
4312800,0
4316400,0
4320000,0
4323600,0
4327200,0
4330800,0
4334400,0
4338000,0
4341600,0
4345200,0
4348800,0
4352400,0
4356000,0
4359600,0
4363200,0
4366800,0
4370400,0
4374000,0
4377600,0
4381200,0
4384800,0
4388400,0
4392000,0
4395600,0
4399200,0
4402800,0
4406400,0
4410000,0
4413600,0
4417200,0
4420800,0
4424400,0
4428000,0
4431600,0
4435200,0
4438800,0
4442400,0
4446000,0
4449600,0
4453200,0
4456800,0
4460400,0
4464000,0
4467600,0
4471200,0
4474800,0
4478400,0
4482000,0
4485600,0
4489200,0
4492800,0
4496400,0
4500000,0
4503600,0
4507200,0
4510800,0
4514400,0
4518000,0
4521600,0
4525200,0
4528800,0
4532400,0
4536000,0
4539600,0
4543200,0
4546800,0
4550400,0
4554000,0
4557600,0
4561200,0
4564800,0
4568400,0
4572000,0
4575600,0
4579200,0
4582800,0
4586400,0
4590000,0
4593600,0
4597200,0
4600800,0
4604400,0
4608000,0
4611600,0
4615200,0
4618800,0
4622400,0
4626000,0
4629600,0
4633200,0
4636800,0
4640400,0
4644000,0
4647600,0
4651200,0
4654800,0
4658400,0
4662000,0
4665600,0
4669200,0
4672800,0
4676400,0
4680000,0
4683600,0
4687200,0
4690800,0
4694400,0
4698000,0
4701600,0
4705200,0
4708800,0
4712400,0
4716000,0
4719600,0
4723200,0
4726800,0
4730400,0
4734000,0
4737600,0
4741200,0
4744800,0
4748400,0
4752000,0
4755600,0
4759200,0
4762800,0
4766400,0
4770000,0
4773600,0
4777200,0
4780800,0
4784400,0
4788000,0
4791600,0
4795200,0
4798800,0
4802400,0
4806000,0
4809600,0
4813200,0
4816800,0
4820400,0
4824000,0
4827600,0
4831200,0
4834800,0
4838400,0
4842000,0
4845600,0
4849200,0
4852800,0
4856400,0
4860000,0
4863600,0
4867200,0
4870800,0
4874400,0
4878000,0
4881600,0
4885200,0
4888800,0
4892400,0
4896000,0
4899600,0
4903200,0
4906800,0
4910400,0
4914000,0
4917600,0
4921200,0
4924800,0
4928400,0
4932000,0
4935600,0
4939200,0
4942800,0
4946400,0
4950000,0
4953600,0
4957200,0
4960800,0
4964400,0
4968000,0
4971600,0
4975200,0
4978800,0
4982400,0
4986000,0
4989600,0
4993200,0
4996800,0
5000400,0
5004000,0
5007600,0
5011200,0
5014800,0
5018400,0
5022000,1
5025600,1
5029200,1
5032800,1
5036400,1
5040000,1
5043600,1
5047200,1
5050800,1
5054400,1
5058000,1
5061600,1
5065200,1
5068800,1
5072400,1
5076000,1
5079600,1
5083200,1
5086800,1
5090400,1
5094000,1
5097600,1
5101200,1
5104800,1
5108400,1
5112000,1
5115600,1
5119200,1
5122800,1
5126400,1
5130000,1
5133600,1
5137200,1
5140800,1
5144400,1
5148000,1
5151600,1
5155200,1
5158800,1
5162400,1
5166000,1
5169600,1
5173200,1
5176800,1
5180400,1
5184000,1
5187600,1
5191200,1
5194800,1
5198400,1
5202000,1
5205600,1
5209200,1
5212800,1
5216400,1
5220000,1
5223600,1
5227200,1
5230800,1
5234400,1
5238000,1
5241600,1
5245200,1
5248800,1
5252400,1
5256000,1
5259600,1
5263200,1
5266800,1
5270400,1
5274000,1
5277600,1
5281200,1
5284800,1
5288400,1
5292000,1
5295600,1
5299200,1
5302800,1
5306400,1
5310000,1
5313600,1
5317200,1
5320800,1
5324400,1
5328000,1
5331600,1
5335200,1
5338800,1
5342400,1
5346000,1
5349600,1
5353200,1
5356800,1
5360400,1
5364000,1
5367600,1
5371200,1
5374800,1
5378400,1
5382000,1
5385600,1
5389200,1
5392800,1
5396400,1
5400000,1
5403600,1
5407200,1
5410800,1
5414400,1
5418000,1
5421600,1
5425200,1
5428800,1
5432400,1
5436000,1
5439600,1
5443200,1
5446800,1
5450400,1
5454000,1
5457600,1
5461200,1
5464800,1
5468400,1
5472000,1
5475600,1
5479200,1
5482800,1
5486400,1
5490000,1
5493600,1
5497200,1
5500800,1
5504400,1
5508000,1
5511600,1
5515200,1
5518800,1
5522400,1
5526000,1
5529600,1
5533200,1
5536800,1
5540400,1
5544000,1
5547600,1
5551200,1
5554800,1
5558400,1
5562000,1
5565600,1
5569200,1
5572800,1
5576400,1
5580000,1
5583600,1
5587200,1
5590800,1
5594400,1
5598000,1
5601600,1
5605200,1
5608800,1
5612400,1
5616000,1
5619600,1
5623200,1
5626800,1
5630400,1
5634000,1
5637600,1
5641200,1
5644800,1
5648400,1
5652000,1
5655600,1
5659200,1
5662800,0
5666400,0
5670000,0
5673600,0
5677200,0
5680800,0
5684400,0
5688000,0
5691600,0
5695200,0
5698800,0
5702400,0
5706000,0
5709600,0
5713200,0
5716800,0
5720400,0
5724000,0
5727600,0
5731200,0
5734800,0
5738400,0
5742000,0
5745600,0
5749200,0
5752800,0
5756400,0
5760000,0
5763600,0
5767200,0
5770800,0
5774400,0
5778000,0
5781600,0
5785200,0
5788800,0
5792400,0
5796000,0
5799600,0
5803200,0
5806800,0
5810400,0
5814000,0
5817600,0
5821200,0
5824800,0
5828400,0
5832000,0
5835600,0
5839200,0
5842800,0
5846400,0
5850000,0
5853600,0
5857200,0
5860800,0
5864400,0
5868000,0
5871600,0
5875200,0
5878800,0
5882400,0
5886000,0
5889600,0
5893200,0
5896800,0
5900400,0
5904000,0
5907600,0
5911200,0
5914800,0
5918400,0
5922000,0
5925600,0
5929200,0
5932800,0
5936400,0
5940000,0
5943600,0
5947200,0
5950800,0
5954400,0
5958000,0
5961600,0
5965200,0
5968800,0
5972400,0
5976000,0
5979600,0
5983200,0
5986800,0
5990400,0
5994000,0
5997600,0
6001200,0
6004800,0
6008400,0
6012000,0
6015600,0
6019200,0
6022800,0
6026400,0
6030000,0
6033600,0
6037200,0
6040800,0
6044400,0
6048000,0
6051600,0
6055200,0
6058800,0
6062400,0
6066000,0
6069600,0
6073200,0
6076800,0
6080400,0
6084000,0
6087600,0
6091200,0
6094800,0
6098400,0
6102000,0
6105600,0
6109200,0
6112800,0
6116400,0
6120000,0
6123600,0
6127200,0
6130800,0
6134400,0
6138000,0
6141600,0
6145200,0
6148800,0
6152400,0
6156000,0
6159600,0
6163200,0
6166800,0
6170400,0
6174000,0
6177600,0
6181200,0
6184800,0
6188400,0
6192000,0
6195600,0
6199200,0
6202800,0
6206400,0
6210000,0
6213600,0
6217200,0
6220800,0
6224400,0
6228000,0
6231600,0
6235200,0
6238800,0
6242400,0
6246000,0
6249600,0
6253200,0
6256800,0
6260400,0
6264000,0
6267600,0
6271200,0
6274800,0
6278400,0
6282000,0
6285600,0
6289200,0
6292800,0
6296400,0
6300000,0
6303600,0
6307200,0
6310800,0
6314400,0
6318000,0
6321600,0
6325200,0
6328800,0
6332400,0
6336000,0
6339600,0
6343200,0
6346800,0
6350400,0
6354000,0
6357600,0
6361200,0
6364800,0
6368400,0
6372000,0
6375600,0
6379200,0
6382800,0
6386400,0
6390000,0
6393600,0
6397200,0
6400800,0
6404400,0
6408000,0
6411600,0
6415200,0
6418800,0
6422400,0
6426000,0
6429600,0
6433200,0
6436800,0
6440400,0
6444000,0
6447600,0
6451200,0
6454800,0
6458400,0
6462000,0
6465600,0
6469200,0
6472800,0
6476400,0
6480000,0
6483600,0
6487200,0
6490800,0
6494400,0
6498000,0
6501600,0
6505200,0
6508800,0
6512400,0
6516000,0
6519600,0
6523200,0
6526800,0
6530400,0
6534000,0
6537600,0
6541200,0
6544800,0
6548400,0
6552000,0
6555600,0
6559200,0
6562800,0
6566400,0
6570000,0
6573600,0
6577200,0
6580800,0
6584400,0
6588000,0
6591600,0
6595200,0
6598800,0
6602400,0
6606000,0
6609600,0
6613200,0
6616800,0
6620400,0
6624000,0
6627600,0
6631200,0
6634800,0
6638400,0
6642000,0
6645600,0
6649200,0
6652800,0
6656400,0
6660000,0
6663600,0
6667200,0
6670800,0
6674400,0
6678000,0
6681600,0
6685200,0
6688800,0
6692400,0
6696000,0
6699600,0
6703200,0
6706800,0
6710400,0
6714000,0
6717600,0
6721200,0
6724800,0
6728400,0
6732000,0
6735600,0
6739200,0
6742800,0
6746400,0
6750000,0
6753600,0
6757200,0
6760800,0
6764400,0
6768000,0
6771600,0
6775200,0
6778800,0
6782400,0
6786000,0
6789600,0
6793200,0
6796800,0
6800400,0
6804000,0
6807600,0
6811200,0
6814800,0
6818400,0
6822000,0
6825600,0
6829200,0
6832800,0
6836400,1
6840000,1
6843600,1
6847200,1
6850800,1
6854400,1
6858000,1
6861600,1
6865200,1
6868800,1
6872400,1
6876000,1
6879600,1
6883200,1
6886800,1
6890400,1
6894000,1
6897600,1
6901200,1
6904800,1
6908400,1
6912000,1
6915600,1
6919200,1
6922800,1
6926400,1
6930000,1
6933600,1
6937200,1
6940800,1
6944400,1
6948000,1
6951600,1
6955200,1
6958800,1
6962400,1
6966000,1
6969600,1
6973200,1
6976800,1
6980400,1
6984000,1
6987600,1
6991200,1
6994800,1
6998400,1
7002000,1
7005600,1
7009200,1
7012800,1
7016400,1
7020000,1
7023600,1
7027200,1
7030800,1
7034400,1
7038000,1
7041600,1
7045200,1
7048800,1
7052400,1
7056000,1
7059600,1
7063200,1
7066800,1
7070400,1
7074000,1
7077600,1
7081200,1
7084800,1
7088400,1
7092000,1
7095600,1
7099200,1
7102800,1
7106400,1
7110000,1
7113600,1
7117200,1
7120800,1
7124400,1
7128000,1
7131600,1
7135200,1
7138800,1
7142400,1
7146000,1
7149600,1
7153200,1
7156800,1
7160400,1
7164000,1
7167600,1
7171200,1
7174800,1
7178400,1
7182000,1
7185600,1
7189200,1
7192800,1
7196400,1
7200000,1
7203600,1
7207200,1
7210800,1
7214400,1
7218000,1
7221600,1
7225200,1
7228800,1
7232400,1
7236000,1
7239600,1
7243200,1
7246800,1
7250400,1
7254000,1
7257600,1
7261200,1
7264800,1
7268400,1
7272000,1
7275600,1
7279200,1
7282800,1
7286400,1
7290000,1
7293600,1
7297200,1
7300800,1
7304400,1
7308000,1
7311600,1
7315200,1
7318800,1
7322400,1
7326000,1
7329600,1
7333200,1
7336800,1
7340400,1
7344000,1
7347600,1
7351200,1
7354800,1
7358400,1
7362000,1
7365600,1
7369200,1
7372800,1
7376400,1
7380000,1
7383600,1
7387200,1
7390800,1
7394400,1
7398000,1
7401600,1
7405200,0
7408800,0
7412400,0
7416000,0
7419600,0
7423200,0
7426800,0
7430400,0
7434000,0
7437600,0
7441200,0
7444800,0
7448400,0
7452000,0
7455600,0
7459200,0
7462800,0
7466400,0
7470000,0
7473600,0
7477200,0
7480800,0
7484400,0
7488000,0
7491600,0
7495200,0
7498800,0
7502400,0
7506000,0
7509600,0
7513200,0
7516800,0
7520400,0
7524000,0
7527600,0
7531200,0
7534800,0
7538400,0
7542000,0
7545600,0
7549200,0
7552800,0
7556400,0
7560000,0
7563600,0
7567200,0
7570800,0
7574400,0
7578000,0
7581600,0
7585200,0
7588800,0
7592400,0
7596000,0
7599600,0
7603200,0
7606800,0
7610400,0
7614000,0
7617600,0
7621200,0
7624800,0
7628400,0
7632000,0
7635600,0
7639200,0
7642800,0
7646400,0
7650000,0
7653600,0
7657200,0
7660800,0
7664400,0
7668000,0
7671600,0
7675200,0
7678800,0
7682400,0
7686000,0
7689600,0
7693200,0
7696800,0
7700400,0
7704000,0
7707600,0
7711200,0
7714800,0
7718400,0
7722000,0
7725600,0
7729200,0
7732800,0
7736400,0
7740000,0
7743600,0
7747200,0
7750800,0
7754400,0
7758000,0
7761600,0
7765200,0
7768800,0
7772400,0
7776000,0
7779600,0
7783200,0
7786800,0
7790400,0
7794000,0
7797600,0
7801200,0
7804800,0
7808400,0
7812000,0
7815600,0
7819200,0
7822800,0
7826400,0
7830000,0
7833600,0
7837200,0
7840800,0
7844400,0
7848000,0
7851600,0
7855200,0
7858800,0
7862400,0
7866000,0
7869600,0
7873200,0
7876800,0
7880400,0
7884000,0
7887600,0
7891200,0
7894800,0
7898400,0
7902000,0
7905600,0
7909200,0
7912800,0
7916400,0
7920000,0
7923600,0
7927200,0
7930800,0
7934400,0
7938000,0
7941600,0
7945200,0
7948800,0
7952400,0
7956000,0
7959600,0
7963200,0
7966800,0
7970400,0
7974000,0
7977600,0
7981200,0
7984800,0
7988400,0
7992000,0
7995600,0
7999200,0
8002800,0
8006400,0
8010000,0
8013600,0
8017200,0
8020800,0
8024400,0
8028000,0
8031600,0
8035200,0
8038800,0
8042400,0
8046000,0
8049600,0
8053200,0
8056800,0
8060400,0
8064000,0
8067600,0
8071200,0
8074800,0
8078400,0
8082000,0
8085600,0
8089200,0
8092800,0
8096400,0
8100000,0
8103600,0
8107200,0
8110800,0
8114400,0
8118000,0
8121600,0
8125200,0
8128800,0
8132400,0
8136000,0
8139600,0
8143200,0
8146800,0
8150400,0
8154000,0
8157600,0
8161200,0
8164800,0
8168400,0
8172000,0
8175600,0
8179200,0
8182800,0
8186400,0
8190000,0
8193600,0
8197200,0
8200800,0
8204400,0
8208000,0
8211600,0
8215200,0
8218800,0
8222400,0
8226000,0
8229600,0
8233200,0
8236800,0
8240400,0
8244000,0
8247600,0
8251200,0
8254800,0
8258400,0
8262000,0
8265600,0
8269200,0
8272800,0
8276400,0
8280000,0
8283600,0
8287200,0
8290800,0
8294400,0
8298000,0
8301600,0
8305200,0
8308800,1
8312400,1
8316000,1
8319600,1
8323200,1
8326800,1
8330400,1
8334000,1
8337600,1
8341200,1
8344800,1
8348400,1
8352000,1
8355600,1
8359200,1
8362800,1
8366400,1
8370000,1
8373600,1
8377200,1
8380800,1
8384400,1
8388000,1
8391600,1
8395200,1
8398800,1
8402400,1
8406000,1
8409600,1
8413200,1
8416800,1
8420400,1
8424000,1
8427600,1
8431200,1
8434800,1
8438400,1
8442000,1
8445600,1
8449200,1
8452800,1
8456400,1
8460000,1
8463600,1
8467200,1
8470800,1
8474400,1
8478000,1
8481600,1
8485200,1
8488800,1
8492400,1
8496000,1
8499600,1
8503200,1
8506800,1
8510400,1
8514000,1
8517600,1
8521200,1
8524800,1
8528400,1
8532000,1
8535600,1
8539200,1
8542800,1
8546400,1
8550000,1
8553600,1
8557200,1
8560800,1
8564400,1
8568000,1
8571600,1
8575200,1
8578800,1
8582400,1
8586000,1
8589600,1
8593200,1
8596800,1
8600400,1
8604000,1
8607600,1
8611200,1
8614800,1
8618400,1
8622000,1
8625600,1
8629200,1
8632800,1
8636400,1
8640000,1
8643600,1
8647200,1
8650800,1
8654400,1
8658000,1
8661600,1
8665200,1
8668800,1
8672400,1
8676000,1
8679600,1
8683200,1
8686800,1
8690400,1
8694000,1
8697600,1
8701200,1
8704800,1
8708400,1
8712000,1
8715600,1
8719200,1
8722800,1
8726400,1
8730000,1
8733600,1
8737200,1
8740800,1
8744400,1
8748000,1
8751600,1
8755200,1
8758800,1
8762400,1
8766000,1
8769600,1
8773200,1
8776800,1
8780400,1
8784000,1
8787600,1
8791200,1
8794800,1
8798400,1
8802000,1
8805600,1
8809200,1
8812800,1
8816400,1
8820000,1
8823600,1
8827200,1
8830800,1
8834400,1
8838000,1
8841600,1
8845200,1
8848800,1
8852400,1
8856000,1
8859600,1
8863200,1
8866800,1
8870400,1
8874000,1
8877600,1
8881200,1
8884800,1
8888400,1
8892000,1
8895600,1
8899200,1
8902800,1
8906400,1
8910000,1
8913600,1
8917200,1
8920800,1
8924400,1
8928000,1
8931600,1
8935200,1
8938800,1
8942400,1
8946000,1
8949600,0
8953200,0
8956800,0
8960400,0
8964000,0
8967600,0
8971200,0
8974800,0
8978400,0
8982000,0
8985600,0
8989200,0
8992800,0
8996400,0
9000000,0
9003600,0
9007200,0
9010800,0
9014400,0
9018000,0
9021600,0
9025200,0
9028800,0
9032400,0
9036000,0
9039600,0
9043200,0
9046800,0
9050400,0
9054000,0
9057600,0
9061200,0
9064800,0
9068400,0
9072000,0
9075600,0
9079200,0
9082800,0
9086400,0
9090000,0
9093600,0
9097200,0
9100800,0
9104400,0
9108000,0
9111600,0
9115200,0
9118800,0
9122400,0
9126000,0
9129600,0
9133200,0
9136800,0
9140400,0
9144000,0
9147600,0
9151200,0
9154800,0
9158400,0
9162000,0
9165600,0
9169200,0
9172800,0
9176400,0
9180000,0
9183600,0
9187200,0
9190800,0
9194400,0
9198000,0
9201600,0
9205200,0
9208800,0
9212400,0
9216000,0
9219600,0
9223200,0
9226800,0
9230400,0
9234000,0
9237600,0
9241200,0
9244800,0
9248400,0
9252000,0
9255600,0
9259200,0
9262800,0
9266400,0
9270000,0
9273600,0
9277200,0
9280800,0
9284400,0
9288000,0
9291600,0
9295200,0
9298800,0
9302400,0
9306000,0
9309600,0
9313200,0
9316800,0
9320400,0
9324000,0
9327600,0
9331200,0
9334800,0
9338400,0
9342000,0
9345600,0
9349200,0
9352800,0
9356400,0
9360000,0
9363600,0
9367200,0
9370800,0
9374400,0
9378000,0
9381600,0
9385200,0
9388800,0
9392400,0
9396000,0
9399600,0
9403200,0
9406800,0
9410400,0
9414000,0
9417600,0
9421200,0
9424800,0
9428400,0
9432000,0
9435600,0
9439200,0
9442800,0
9446400,0
9450000,0
9453600,0
9457200,0
9460800,0
9464400,0
9468000,0
9471600,0
9475200,0
9478800,0
9482400,0
9486000,0
9489600,0
9493200,0
9496800,0
9500400,0
9504000,0
9507600,0
9511200,0
9514800,0
9518400,0
9522000,0
9525600,0
9529200,0
9532800,0
9536400,0
9540000,0
9543600,0
9547200,0
9550800,0
9554400,0
9558000,0
9561600,0
9565200,0
9568800,0
9572400,0
9576000,0
9579600,0
9583200,0
9586800,0
9590400,0
9594000,0
9597600,0
9601200,0
9604800,0
9608400,0
9612000,0
9615600,0
9619200,0
9622800,0
9626400,0
9630000,0
9633600,0
9637200,0
9640800,0
9644400,0
9648000,0
9651600,0
9655200,0
9658800,0
9662400,0
9666000,0
9669600,0
9673200,0
9676800,0
9680400,0
9684000,0
9687600,0
9691200,0
9694800,0
9698400,0
9702000,0
9705600,0
9709200,0
9712800,0
9716400,0
9720000,0
9723600,0
9727200,0
9730800,0
9734400,0
9738000,0
9741600,0
9745200,0
9748800,0
9752400,0
9756000,0
9759600,0
9763200,0
9766800,0
9770400,0
9774000,0
9777600,0
9781200,0
9784800,0
9788400,0
9792000,0
9795600,0
9799200,0
9802800,0
9806400,0
9810000,0
9813600,0
9817200,0
9820800,0
9824400,0
9828000,0
9831600,0
9835200,0
9838800,0
9842400,0
9846000,0
9849600,0
9853200,0
9856800,0
9860400,0
9864000,0
9867600,0
9871200,0
9874800,0
9878400,0
9882000,0
9885600,0
9889200,0
9892800,0
9896400,0
9900000,0
9903600,0
9907200,0
9910800,0
9914400,0
9918000,0
9921600,0
9925200,0
9928800,0
9932400,0
9936000,0
9939600,0
9943200,0
9946800,0
9950400,0
9954000,0
9957600,0
9961200,0
9964800,0
9968400,0
9972000,0
9975600,0
9979200,0
9982800,0
9986400,0
9990000,0
9993600,0
9997200,0
10000800,0
10004400,0
10008000,0
10011600,0
10015200,0
10018800,0
10022400,0
10026000,0
10029600,0
10033200,0
10036800,0
10040400,0
10044000,0
10047600,0
10051200,0
10054800,0
10058400,0
10062000,0
10065600,0
10069200,0
10072800,0
10076400,0
10080000,0
10083600,0
10087200,0
10090800,0
10094400,0
10098000,0
10101600,0
10105200,0
10108800,0
10112400,0
10116000,0
10119600,0
10123200,0
10126800,0
10130400,1
10134000,1
10137600,1
10141200,1
10144800,1
10148400,1
10152000,1
10155600,1
10159200,1
10162800,1
10166400,1
10170000,1
10173600,1
10177200,1
10180800,1
10184400,1
10188000,1
10191600,1
10195200,1
10198800,1
10202400,1
10206000,1
10209600,1
10213200,1
10216800,1
10220400,1
10224000,1
10227600,1
10231200,1
10234800,1
10238400,1
10242000,1
10245600,1
10249200,1
10252800,1
10256400,1
10260000,1
10263600,1
10267200,1
10270800,1
10274400,1
10278000,1
10281600,1
10285200,1
10288800,1
10292400,1
10296000,1
10299600,1
10303200,1
10306800,1
10310400,1
10314000,1
10317600,1
10321200,1
10324800,1
10328400,1
10332000,1
10335600,1
10339200,1
10342800,1
10346400,1
10350000,1
10353600,1
10357200,1
10360800,1
10364400,1
10368000,1
10371600,1
10375200,1
10378800,1
10382400,1
10386000,1
10389600,1
10393200,1
10396800,1
10400400,1
10404000,1
10407600,1
10411200,1
10414800,1
10418400,1
10422000,1
10425600,1
10429200,1
10432800,1
10436400,1
10440000,1
10443600,1
10447200,1
10450800,1
10454400,1
10458000,1
10461600,1
10465200,1
10468800,1
10472400,1
10476000,1
10479600,1
10483200,1
10486800,1
10490400,1
10494000,1
10497600,1
10501200,1
10504800,1
10508400,1
10512000,1
10515600,1
10519200,1
10522800,1
10526400,1
10530000,1
10533600,1
10537200,1
10540800,1
10544400,1
10548000,1
10551600,1
10555200,1
10558800,1
10562400,1
10566000,1
10569600,1
10573200,1
10576800,1
10580400,1
10584000,1
10587600,1
10591200,1
10594800,1
10598400,1
10602000,1
10605600,1
10609200,1
10612800,1
10616400,1
10620000,1
10623600,1
10627200,1
10630800,1
10634400,1
10638000,1
10641600,1
10645200,1
10648800,1
10652400,1
10656000,1
10659600,1
10663200,1
10666800,1
10670400,1
10674000,1
10677600,1
10681200,1
10684800,1
10688400,1
10692000,1
10695600,1
10699200,1
10702800,1
10706400,1
10710000,1
10713600,1
10717200,1
10720800,1
10724400,1
10728000,1
10731600,1
10735200,1
10738800,1
10742400,1
10746000,1
10749600,1
10753200,1
10756800,1
10760400,1
10764000,1
10767600,1
10771200,1
10774800,1
10778400,1
10782000,1
10785600,1
10789200,1
10792800,1
10796400,1
10800000,1
10803600,1
10807200,1
10810800,1
10814400,1
10818000,0
10821600,0
10825200,0
10828800,0
10832400,0
10836000,0
10839600,0
10843200,0
10846800,0
10850400,0
10854000,0
10857600,0
10861200,0
10864800,0
10868400,0
10872000,0
10875600,0
10879200,0
10882800,0
10886400,0
10890000,0
10893600,0
10897200,0
10900800,0
10904400,0
10908000,0
10911600,0
10915200,0
10918800,0
10922400,0
10926000,0
10929600,0
10933200,0
10936800,0
10940400,0
10944000,0
10947600,0
10951200,0
10954800,0
10958400,0
10962000,0
10965600,0
10969200,0
10972800,0
10976400,0
10980000,0
10983600,0
10987200,0
10990800,0
10994400,0
10998000,0
11001600,0
11005200,0
11008800,0
11012400,0
11016000,0
11019600,0
11023200,0
11026800,0
11030400,0
11034000,0
11037600,0
11041200,0
11044800,0
11048400,0
11052000,0
11055600,0
11059200,0
11062800,0
11066400,0
11070000,0
11073600,0
11077200,0
11080800,0
11084400,0
11088000,0
11091600,0
11095200,0
11098800,0
11102400,0
11106000,0
11109600,0
11113200,0
11116800,0
11120400,0
11124000,0
11127600,0
11131200,0
11134800,0
11138400,0
11142000,0
11145600,0
11149200,0
11152800,0
11156400,0
11160000,0
11163600,0
11167200,0
11170800,0
11174400,0
11178000,0
11181600,0
11185200,0
11188800,0
11192400,0
11196000,0
11199600,0
11203200,0
11206800,0
11210400,0
11214000,0
11217600,0
11221200,0
11224800,0
11228400,0
11232000,0
11235600,0
11239200,0
11242800,0
11246400,0
11250000,0
11253600,0
11257200,0
11260800,0
11264400,0
11268000,0
11271600,0
11275200,0
11278800,0
11282400,0
11286000,0
11289600,0
11293200,0
11296800,0
11300400,0
11304000,0
11307600,0
11311200,0
11314800,0
11318400,0
11322000,0
11325600,0
11329200,0
11332800,0
11336400,0
11340000,0
11343600,0
11347200,0
11350800,0
11354400,0
11358000,0
11361600,0
11365200,0
11368800,0
11372400,0
11376000,0
11379600,0
11383200,0
11386800,0
11390400,0
11394000,0
11397600,0
11401200,0
11404800,0
11408400,0
11412000,0
11415600,0
11419200,0
11422800,0
11426400,0
11430000,0
11433600,0
11437200,0
11440800,0
11444400,0
11448000,0
11451600,0
11455200,0
11458800,0
11462400,0
11466000,0
11469600,0
11473200,0
11476800,0
11480400,0
11484000,0
11487600,0
11491200,0
11494800,0
11498400,0
11502000,0
11505600,0
11509200,0
11512800,0
11516400,0
11520000,0
11523600,0
11527200,0
11530800,0
11534400,0
11538000,0
11541600,0
11545200,0
11548800,0
11552400,0
11556000,0
11559600,0
11563200,0
11566800,0
11570400,0
11574000,0
11577600,0
11581200,0
11584800,0
11588400,0
11592000,0
11595600,0
11599200,0
11602800,0
11606400,0
11610000,0
11613600,0
11617200,0
11620800,0
11624400,0
11628000,0
11631600,0
11635200,0
11638800,0
11642400,0
11646000,0
11649600,0
11653200,0
11656800,0
11660400,0
11664000,0
11667600,0
11671200,0
11674800,0
11678400,0
11682000,0
11685600,0
11689200,0
11692800,0
11696400,0
11700000,0
11703600,0
11707200,0
11710800,0
11714400,0
11718000,0
11721600,0
11725200,0
11728800,0
11732400,0
11736000,0
11739600,0
11743200,0
11746800,0
11750400,0
11754000,0
11757600,0
11761200,0
11764800,0
11768400,0
11772000,0
11775600,0
11779200,0
11782800,0
11786400,0
11790000,0
11793600,0
11797200,0
11800800,0
11804400,0
11808000,0
11811600,0
11815200,0
11818800,0
11822400,0
11826000,0
11829600,0
11833200,0
11836800,0
11840400,0
11844000,0
11847600,0
11851200,0
11854800,0
11858400,0
11862000,0
11865600,0
11869200,0
11872800,0
11876400,0
11880000,0
11883600,0
11887200,0
11890800,0
11894400,0
11898000,0
11901600,0
11905200,0
11908800,0
11912400,0
11916000,0
11919600,0
11923200,0
11926800,0
11930400,0
11934000,0
11937600,0
11941200,0
11944800,0
11948400,0
11952000,0
11955600,0
11959200,0
11962800,0
11966400,0
11970000,0
11973600,0
11977200,0
11980800,0
11984400,0
11988000,0
11991600,0
11995200,0
11998800,0
12002400,0
12006000,0
12009600,0
12013200,0
12016800,0
12020400,0
12024000,0
12027600,0
12031200,0
12034800,0
12038400,0
12042000,0
12045600,0
12049200,0
12052800,0
12056400,0
12060000,0
12063600,0
12067200,0
12070800,0
12074400,0
12078000,0
12081600,0
12085200,0
12088800,0
12092400,0
12096000,0
12099600,0
12103200,0
12106800,0
12110400,0
12114000,0
12117600,0
12121200,0
12124800,0
12128400,0
12132000,0
12135600,0
12139200,0
12142800,0
12146400,0
12150000,0
12153600,0
12157200,0
12160800,0
12164400,0
12168000,0
12171600,0
12175200,0
12178800,0
12182400,0
12186000,0
12189600,0
12193200,0
12196800,0
12200400,0
12204000,0
12207600,0
12211200,0
12214800,0
12218400,0
12222000,0
12225600,0
12229200,0
12232800,0
12236400,0
12240000,0
12243600,0
12247200,0
12250800,0
12254400,0
12258000,0
12261600,0
12265200,0
12268800,0
12272400,0
12276000,0
12279600,0
12283200,1
12286800,1
12290400,1
12294000,1
12297600,1
12301200,1
12304800,1
12308400,1
12312000,1
12315600,1
12319200,1
12322800,1
12326400,1
12330000,1
12333600,1
12337200,1
12340800,1
12344400,1
12348000,1
12351600,1
12355200,1
12358800,1
12362400,1
12366000,1
12369600,1
12373200,1
12376800,1
12380400,1
12384000,1
12387600,1
12391200,1
12394800,1
12398400,1
12402000,1
12405600,1
12409200,1
12412800,1
12416400,1
12420000,1
12423600,1
12427200,1
12430800,1
12434400,1
12438000,1
12441600,1
12445200,1
12448800,1
12452400,1
12456000,1
12459600,1
12463200,1
12466800,1
12470400,1
12474000,1
12477600,1
12481200,1
12484800,1
12488400,1
12492000,1
12495600,1
12499200,1
12502800,1
12506400,1
12510000,1
12513600,1
12517200,1
12520800,1
12524400,1
12528000,1
12531600,1
12535200,1
12538800,1
12542400,1
12546000,1
12549600,1
12553200,1
12556800,1
12560400,1
12564000,1
12567600,1
12571200,1
12574800,1
12578400,1
12582000,1
12585600,1
12589200,1
12592800,1
12596400,1
12600000,1
12603600,1
12607200,1
12610800,1
12614400,1
12618000,1
12621600,1
12625200,1
12628800,1
12632400,1
12636000,1
12639600,1
12643200,1
12646800,1
12650400,1
12654000,1
12657600,1
12661200,1
12664800,1
12668400,1
12672000,1
12675600,1
12679200,1
12682800,1
12686400,1
12690000,1
12693600,1
12697200,1
12700800,1
12704400,1
12708000,1
12711600,1
12715200,1
12718800,1
12722400,1
12726000,1
12729600,1
12733200,1
12736800,1
12740400,1
12744000,1
12747600,1
12751200,1
12754800,1
12758400,1
12762000,1
12765600,1
12769200,1
12772800,1
12776400,1
12780000,1
12783600,1
12787200,1
12790800,1
12794400,0
12798000,0
12801600,0
12805200,0
12808800,0
12812400,0
12816000,0
12819600,0
12823200,0
12826800,0
12830400,0
12834000,0
12837600,0
12841200,0
12844800,0
12848400,0
12852000,0
12855600,0
12859200,0
12862800,0
12866400,0
12870000,0
12873600,0
12877200,0
12880800,0
12884400,0
12888000,0
12891600,0
12895200,0
12898800,0
12902400,0
12906000,0
12909600,0
12913200,0
12916800,0
12920400,0
12924000,0
12927600,0
12931200,0
12934800,0
12938400,0
12942000,0
12945600,0
12949200,0
12952800,0
12956400,0
12960000,0
12963600,0
12967200,0
12970800,0
12974400,0
12978000,0
12981600,0
12985200,0
12988800,0
12992400,0
12996000,0
12999600,0
13003200,0
13006800,0
13010400,0
13014000,0
13017600,0
13021200,0
13024800,0
13028400,0
13032000,0
13035600,0
13039200,0
13042800,0
13046400,0
13050000,0
13053600,0
13057200,0
13060800,0
13064400,0
13068000,0
13071600,0
13075200,0
13078800,0
13082400,0
13086000,0
13089600,0
13093200,0
13096800,0
13100400,0
13104000,0
13107600,0
13111200,0
13114800,0
13118400,0
13122000,0
13125600,0
13129200,0
13132800,0
13136400,0
13140000,0
13143600,0
13147200,0
13150800,0
13154400,0
13158000,0
13161600,0
13165200,0
13168800,0
13172400,0
13176000,0
13179600,0
13183200,0
13186800,0
13190400,0
13194000,0
13197600,0
13201200,0
13204800,0
13208400,0
13212000,0
13215600,0
13219200,0
13222800,0
13226400,0
13230000,0
13233600,0
13237200,0
13240800,0
13244400,0
13248000,0
13251600,0
13255200,0
13258800,0
13262400,0
13266000,0
13269600,0
13273200,0
13276800,0
13280400,0
13284000,0
13287600,0
13291200,0
13294800,0
13298400,0
13302000,0
13305600,0
13309200,0
13312800,0
13316400,0
13320000,0
13323600,0
13327200,0
13330800,0
13334400,0
13338000,0
13341600,0
13345200,1
13348800,1
13352400,1
13356000,1
13359600,1
13363200,1
13366800,1
13370400,1
13374000,1
13377600,1
13381200,1
13384800,1
13388400,1
13392000,1
13395600,1
13399200,1
13402800,1
13406400,1
13410000,1
13413600,1
13417200,1
13420800,1
13424400,1
13428000,1
13431600,1
13435200,1
13438800,1
13442400,1
13446000,1
13449600,1
13453200,1
13456800,1
13460400,1
13464000,1
13467600,1
13471200,1
13474800,1
13478400,1
13482000,1
13485600,1
13489200,1
13492800,1
13496400,1
13500000,1
13503600,1
13507200,1
13510800,1
13514400,1
13518000,1
13521600,1
13525200,1
13528800,1
13532400,1
13536000,1
13539600,1
13543200,1
13546800,1
13550400,1
13554000,1
13557600,1
13561200,1
13564800,1
13568400,1
13572000,1
13575600,1
13579200,1
13582800,1
13586400,1
13590000,1
13593600,1
13597200,1
13600800,1
13604400,1
13608000,1
13611600,1
13615200,1
13618800,1
13622400,1
13626000,1
13629600,1
13633200,1
13636800,1
13640400,1
13644000,1
13647600,1
13651200,1
13654800,1
13658400,1
13662000,1
13665600,1
13669200,1
13672800,1
13676400,1
13680000,1
13683600,1
13687200,1
13690800,1
13694400,1
13698000,1
13701600,1
13705200,1
13708800,1
13712400,0
13716000,0
13719600,0
13723200,0
13726800,0
13730400,0
13734000,0
13737600,0
13741200,0
13744800,0
13748400,0
13752000,0
13755600,0
13759200,0
13762800,0
13766400,0
13770000,0
13773600,0
13777200,0
13780800,0
13784400,0
13788000,0
13791600,0
13795200,0
13798800,0
13802400,0
13806000,0
13809600,0
13813200,0
13816800,0
13820400,0
13824000,0
13827600,0
13831200,0
13834800,0
13838400,0
13842000,0
13845600,0
13849200,0
13852800,0
13856400,0
13860000,0
13863600,0
13867200,0
13870800,0
13874400,0
13878000,0
13881600,0
13885200,0
13888800,0
13892400,0
13896000,0
13899600,0
13903200,0
13906800,0
13910400,0
13914000,0
13917600,0
13921200,0
13924800,0
13928400,0
13932000,0
13935600,0
13939200,0
13942800,0
13946400,0
13950000,0
13953600,0
13957200,0
13960800,0
13964400,0
13968000,0
13971600,0
13975200,0
13978800,0
13982400,0
13986000,0
13989600,0
13993200,0
13996800,0
14000400,0
14004000,0
14007600,0
14011200,0
14014800,0
14018400,0
14022000,0
14025600,0
14029200,0
14032800,0
14036400,0
14040000,0
14043600,0
14047200,0
14050800,0
14054400,0
14058000,0
14061600,0
14065200,0
14068800,0
14072400,0
14076000,0
14079600,0
14083200,0
14086800,0
14090400,0
14094000,0
14097600,0
14101200,0
14104800,1
14108400,1
14112000,1
14115600,1
14119200,1
14122800,1
14126400,1
14130000,1
14133600,1
14137200,1
14140800,1
14144400,1
14148000,1
14151600,1
14155200,1
14158800,1
14162400,1
14166000,1
14169600,1
14173200,1
14176800,1
14180400,1
14184000,1
14187600,1
14191200,1
14194800,1
14198400,1
14202000,1
14205600,1
14209200,1
14212800,1
14216400,1
14220000,1
14223600,1
14227200,1
14230800,1
14234400,1
14238000,1
14241600,1
14245200,1
14248800,1
14252400,1
14256000,1
14259600,1
14263200,1
14266800,1
14270400,1
14274000,1
14277600,1
14281200,1
14284800,1
14288400,1
14292000,1
14295600,1
14299200,1
14302800,1
14306400,1
14310000,1
14313600,1
14317200,1
14320800,1
14324400,1
14328000,1
14331600,1
14335200,1
14338800,1
14342400,1
14346000,1
14349600,1
14353200,1
14356800,1
14360400,1
14364000,1
14367600,1
14371200,1
14374800,1
14378400,1
14382000,1
14385600,1
14389200,1
14392800,1
14396400,1
14400000,1
14403600,1
14407200,1
14410800,1
14414400,1
14418000,1
14421600,1
14425200,1
14428800,1
14432400,1
14436000,1
14439600,1
14443200,1
14446800,1
14450400,1
14454000,1
14457600,1
14461200,1
14464800,1
14468400,1
14472000,1
14475600,1
14479200,1
14482800,1
14486400,1
14490000,1
14493600,1
14497200,1
14500800,1
14504400,1
14508000,1
14511600,1
14515200,1
14518800,1
14522400,1
14526000,1
14529600,1
14533200,1
14536800,1
14540400,1
14544000,1
14547600,1
14551200,1
14554800,1
14558400,1
14562000,1
14565600,1
14569200,1
14572800,1
14576400,1
14580000,1
14583600,1
14587200,1
14590800,1
14594400,1
14598000,1
14601600,1
14605200,1
14608800,1
14612400,1
14616000,1
14619600,1
14623200,1
14626800,1
14630400,1
14634000,1
14637600,1
14641200,1
14644800,1
14648400,1
14652000,1
14655600,1
14659200,1
14662800,1
14666400,1
14670000,1
14673600,1
14677200,1
14680800,1
14684400,1
14688000,1
14691600,1
14695200,1
14698800,1
14702400,1
14706000,1
14709600,1
14713200,1
14716800,1
14720400,1
14724000,0
14727600,0
14731200,0
14734800,0
14738400,0
14742000,0
14745600,0
14749200,0
14752800,0
14756400,0
14760000,0
14763600,0
14767200,0
14770800,0
14774400,0
14778000,0
14781600,0
14785200,0
14788800,0
14792400,0
14796000,0
14799600,0
14803200,0
14806800,0
14810400,0
14814000,0
14817600,0
14821200,0
14824800,0
14828400,0
14832000,0
14835600,0
14839200,0
14842800,0
14846400,0
14850000,0
14853600,0
14857200,0
14860800,0
14864400,0
14868000,0
14871600,0
14875200,0
14878800,0
14882400,0
14886000,0
14889600,0
14893200,0
14896800,0
14900400,0
14904000,0
14907600,0
14911200,0
14914800,0
14918400,0
14922000,0
14925600,0
14929200,0
14932800,0
14936400,0
14940000,0
14943600,0
14947200,0
14950800,0
14954400,0
14958000,0
14961600,0
14965200,0
14968800,0
14972400,0
14976000,0
14979600,0
14983200,0
14986800,0
14990400,0
14994000,0
14997600,0
15001200,0
15004800,0
15008400,0
15012000,0
15015600,0
15019200,0
15022800,0
15026400,0
15030000,0
15033600,0
15037200,0
15040800,0
15044400,0
15048000,0
15051600,0
15055200,0
15058800,0
15062400,0
15066000,0
15069600,0
15073200,0
15076800,0
15080400,0
15084000,0
15087600,0
15091200,0
15094800,0
15098400,0
15102000,0
15105600,0
15109200,0
15112800,0
15116400,0
15120000,0
15123600,0
15127200,0
15130800,0
15134400,0
15138000,0
15141600,0
15145200,0
15148800,0
15152400,0
15156000,0
15159600,0
15163200,0
15166800,0
15170400,0
15174000,0
15177600,0
15181200,0
15184800,0
15188400,0
15192000,0
15195600,0
15199200,0
15202800,0
15206400,0
15210000,0
15213600,0
15217200,0
15220800,0
15224400,0
15228000,0
15231600,0
15235200,0
15238800,0
15242400,0
15246000,0
15249600,0
15253200,0
15256800,0
15260400,0
15264000,0
15267600,0
15271200,0
15274800,0
15278400,0
15282000,0
15285600,0
15289200,0
15292800,0
15296400,0
15300000,0
15303600,0
15307200,0
15310800,0
15314400,0
15318000,0
15321600,0
15325200,0
15328800,0
15332400,0
15336000,0
15339600,0
15343200,0
15346800,0
15350400,0
15354000,0
15357600,0
15361200,0
15364800,0
15368400,0
15372000,0
15375600,0
15379200,0
15382800,0
15386400,0
15390000,0
15393600,0
15397200,0
15400800,0
15404400,0
15408000,0
15411600,0
15415200,0
15418800,0
15422400,0
15426000,0
15429600,0
15433200,0
15436800,0
15440400,0
15444000,0
15447600,0
15451200,0
15454800,0
15458400,0
15462000,0
15465600,0
15469200,0
15472800,0
15476400,0
15480000,0
15483600,0
15487200,0
15490800,0
15494400,0
15498000,0
15501600,0
15505200,0
15508800,0
15512400,0
15516000,0
15519600,0
15523200,0
15526800,0
15530400,0
15534000,0
15537600,0
15541200,0
15544800,0
15548400,0
15552000,0
15555600,0
15559200,0
15562800,0
15566400,0
15570000,0
15573600,0
15577200,0
15580800,0
15584400,0
15588000,0
15591600,0
15595200,0
15598800,0
15602400,0
15606000,0
15609600,0
15613200,0
15616800,0
15620400,0
15624000,0
15627600,0
15631200,0
15634800,0
15638400,0
15642000,0
15645600,0
15649200,0
15652800,0
15656400,0
15660000,0
15663600,0
15667200,0
15670800,0
15674400,0
15678000,0
15681600,0
15685200,0
15688800,0
15692400,0
15696000,0
15699600,0
15703200,0
15706800,0
15710400,0
15714000,0
15717600,0
15721200,0
15724800,0
15728400,0
15732000,0
15735600,0
15739200,0
15742800,0
15746400,0
15750000,0
15753600,0
15757200,0
15760800,0
15764400,0
15768000,0
15771600,0
15775200,0
15778800,0
15782400,0
15786000,0
15789600,0
15793200,0
15796800,0
15800400,0
15804000,0
15807600,0
15811200,0
15814800,0
15818400,0
15822000,0
15825600,0
15829200,0
15832800,0
15836400,0
15840000,1
15843600,1
15847200,1
15850800,1
15854400,1
15858000,1
15861600,1
15865200,1
15868800,1
15872400,1
15876000,1
15879600,1
15883200,1
15886800,1
15890400,1
15894000,1
15897600,1
15901200,1
15904800,1
15908400,1
15912000,1
15915600,1
15919200,1
15922800,1
15926400,1
15930000,1
15933600,1
15937200,1
15940800,1
15944400,1
15948000,1
15951600,1
15955200,1
15958800,1
15962400,1
15966000,1
15969600,1
15973200,1
15976800,1
15980400,1
15984000,1
15987600,1
15991200,1
15994800,1
15998400,1
16002000,1
16005600,1
16009200,1
16012800,1
16016400,1
16020000,1
16023600,1
16027200,1
16030800,1
16034400,1
16038000,1
16041600,1
16045200,1
16048800,1
16052400,1
16056000,1
16059600,1
16063200,1
16066800,1
16070400,1
16074000,1
16077600,1
16081200,1
16084800,1
16088400,1
16092000,1
16095600,1
16099200,1
16102800,1
16106400,1
16110000,1
16113600,1
16117200,1
16120800,1
16124400,1
16128000,1
16131600,1
16135200,1
16138800,1
16142400,1
16146000,1
16149600,1
16153200,1
16156800,1
16160400,1
16164000,1
16167600,1
16171200,1
16174800,1
16178400,1
16182000,1
16185600,1
16189200,1
16192800,1
16196400,1
16200000,1
16203600,1
16207200,1
16210800,1
16214400,1
16218000,1
16221600,1
16225200,1
16228800,1
16232400,1
16236000,1
16239600,1
16243200,1
16246800,1
16250400,1
16254000,1
16257600,1
16261200,1
16264800,1
16268400,1
16272000,1
16275600,1
16279200,1
16282800,1
16286400,1
16290000,1
16293600,1
16297200,1
16300800,1
16304400,1
16308000,1
16311600,1
16315200,1
16318800,1
16322400,1
16326000,1
16329600,1
16333200,1
16336800,1
16340400,1
16344000,1
16347600,1
16351200,1
16354800,1
16358400,1
16362000,1
16365600,1
16369200,1
16372800,1
16376400,1
16380000,1
16383600,1
16387200,1
16390800,1
16394400,1
16398000,1
16401600,1
16405200,1
16408800,1
16412400,1
16416000,1
16419600,1
16423200,1
16426800,1
16430400,1
16434000,1
16437600,1
16441200,1
16444800,1
16448400,1
16452000,1
16455600,1
16459200,1
16462800,1
16466400,1
16470000,1
16473600,1
16477200,1
16480800,1
16484400,1
16488000,1
16491600,1
16495200,1
16498800,1
16502400,1
16506000,1
16509600,1
16513200,1
16516800,1
16520400,1
16524000,1
16527600,1
16531200,1
16534800,1
16538400,1
16542000,1
16545600,1
16549200,1
16552800,1
16556400,1
16560000,1
16563600,1
16567200,1
16570800,1
16574400,1
16578000,1
16581600,1
16585200,1
16588800,1
16592400,1
16596000,1
16599600,1
16603200,1
16606800,0
16610400,0
16614000,0
16617600,0
16621200,0
16624800,0
16628400,0
16632000,0
16635600,0
16639200,0
16642800,0
16646400,0
16650000,0
16653600,0
16657200,0
16660800,0
16664400,0
16668000,0
16671600,0
16675200,0
16678800,0
16682400,0
16686000,0
16689600,0
16693200,0
16696800,0
16700400,0
16704000,0
16707600,0
16711200,0
16714800,0
16718400,0
16722000,0
16725600,0
16729200,0
16732800,0
16736400,0
16740000,0
16743600,0
16747200,0
16750800,0
16754400,0
16758000,0
16761600,0
16765200,0
16768800,0
16772400,0
16776000,0
16779600,0
16783200,0
16786800,0
16790400,0
16794000,0
16797600,0
16801200,0
16804800,0
16808400,0
16812000,0
16815600,0
16819200,0
16822800,0
16826400,0
16830000,0
16833600,0
16837200,0
16840800,0
16844400,0
16848000,0
16851600,0
16855200,0
16858800,0
16862400,0
16866000,0
16869600,0
16873200,0
16876800,0
16880400,0
16884000,0
16887600,0
16891200,0
16894800,0
16898400,0
16902000,0
16905600,0
16909200,0
16912800,0
16916400,0
16920000,0
16923600,0
16927200,0
16930800,0
16934400,0
16938000,0
16941600,0
16945200,0
16948800,0
16952400,0
16956000,0
16959600,0
16963200,0
16966800,0
16970400,0
16974000,0
16977600,0
16981200,0
16984800,0
16988400,0
16992000,0
16995600,0
16999200,0
17002800,0
17006400,0
17010000,0
17013600,0
17017200,0
17020800,0
17024400,0
17028000,0
17031600,0
17035200,0
17038800,0
17042400,0
17046000,0
17049600,0
17053200,0
17056800,0
17060400,0
17064000,0
17067600,0
17071200,0
17074800,0
17078400,0
17082000,0
17085600,0
17089200,0
17092800,0
17096400,0
17100000,0
17103600,0
17107200,0
17110800,0
17114400,0
17118000,0
17121600,0
17125200,0
17128800,0
17132400,0
17136000,0
17139600,0
17143200,0
17146800,0
17150400,0
17154000,0
17157600,0
17161200,0
17164800,0
17168400,0
17172000,0
17175600,0
17179200,0
17182800,0
17186400,0
17190000,0
17193600,0
17197200,0
17200800,0
17204400,0
17208000,0
17211600,0
17215200,0
17218800,0
17222400,0
17226000,0
17229600,0
17233200,0
17236800,0
17240400,0
17244000,0
17247600,0
17251200,0
17254800,0
17258400,0
17262000,0
17265600,0
17269200,0
17272800,0
17276400,0
17280000,0
17283600,0
17287200,0
17290800,0
17294400,0
17298000,0
17301600,0
17305200,0
17308800,0
17312400,0
17316000,0
17319600,0
17323200,0
17326800,0
17330400,0
17334000,0
17337600,0
17341200,0
17344800,0
17348400,0
17352000,0
17355600,0
17359200,1
17362800,1
17366400,1
17370000,1
17373600,1
17377200,1
17380800,1
17384400,1
17388000,1
17391600,1
17395200,1
17398800,1
17402400,1
17406000,1
17409600,1
17413200,1
17416800,1
17420400,1
17424000,1
17427600,1
17431200,1
17434800,1
17438400,1
17442000,1
17445600,1
17449200,1
17452800,1
17456400,1
17460000,1
17463600,1
17467200,1
17470800,1
17474400,1
17478000,1
17481600,1
17485200,1
17488800,1
17492400,1
17496000,1
17499600,1
17503200,1
17506800,1
17510400,1
17514000,1
17517600,1
17521200,1
17524800,1
17528400,1
17532000,1
17535600,1
17539200,1
17542800,1
17546400,1
17550000,1
17553600,1
17557200,1
17560800,1
17564400,1
17568000,1
17571600,1
17575200,1
17578800,1
17582400,1
17586000,1
17589600,1
17593200,1
17596800,1
17600400,1
17604000,1
17607600,1
17611200,1
17614800,1
17618400,1
17622000,1
17625600,1
17629200,1
17632800,1
17636400,1
17640000,1
17643600,1
17647200,1
17650800,1
17654400,1
17658000,1
17661600,1
17665200,1
17668800,1
17672400,1
17676000,1
17679600,1
17683200,1
17686800,1
17690400,1
17694000,1
17697600,1
17701200,1
17704800,1
17708400,1
17712000,1
17715600,1
17719200,1
17722800,1
17726400,1
17730000,1
17733600,1
17737200,1
17740800,1
17744400,1
17748000,1
17751600,1
17755200,1
17758800,1
17762400,1
17766000,1
17769600,1
17773200,1
17776800,1
17780400,1
17784000,1
17787600,1
17791200,1
17794800,1
17798400,1
17802000,1
17805600,1
17809200,1
17812800,1
17816400,1
17820000,1
17823600,1
17827200,1
17830800,1
17834400,1
17838000,1
17841600,1
17845200,1
17848800,1
17852400,1
17856000,1
17859600,1
17863200,1
17866800,1
17870400,1
17874000,1
17877600,1
17881200,1
17884800,1
17888400,1
17892000,1
17895600,1
17899200,1
17902800,1
17906400,1
17910000,1
17913600,1
17917200,1
17920800,1
17924400,1
17928000,1
17931600,1
17935200,1
17938800,1
17942400,1
17946000,1
17949600,1
17953200,1
17956800,1
17960400,1
17964000,1
17967600,1
17971200,1
17974800,1
17978400,0
17982000,0
17985600,0
17989200,0
17992800,0
17996400,0
18000000,0
18003600,0
18007200,0
18010800,0
18014400,0
18018000,0
18021600,0
18025200,0
18028800,0
18032400,0
18036000,0
18039600,0
18043200,0
18046800,0
18050400,0
18054000,0
18057600,0
18061200,0
18064800,0
18068400,0
18072000,0
18075600,0
18079200,0
18082800,0
18086400,0
18090000,0
18093600,0
18097200,0
18100800,0
18104400,0
18108000,0
18111600,0
18115200,0
18118800,0
18122400,0
18126000,0
18129600,0
18133200,0
18136800,0
18140400,0
18144000,0
18147600,0
18151200,0
18154800,0
18158400,0
18162000,0
18165600,0
18169200,0
18172800,0
18176400,0
18180000,0
18183600,0
18187200,0
18190800,0
18194400,0
18198000,0
18201600,0
18205200,0
18208800,0
18212400,0
18216000,0
18219600,0
18223200,0
18226800,0
18230400,0
18234000,0
18237600,0
18241200,0
18244800,0
18248400,0
18252000,0
18255600,0
18259200,0
18262800,0
18266400,0
18270000,0
18273600,0
18277200,0
18280800,0
18284400,0
18288000,0
18291600,0
18295200,0
18298800,0
18302400,0
18306000,0
18309600,0
18313200,0
18316800,0
18320400,0
18324000,0
18327600,0
18331200,0
18334800,0
18338400,0
18342000,0
18345600,0
18349200,0
18352800,0
18356400,0
18360000,0
18363600,0
18367200,0
18370800,0
18374400,0
18378000,0
18381600,0
18385200,0
18388800,0
18392400,0
18396000,0
18399600,0
18403200,0
18406800,0
18410400,0
18414000,0
18417600,0
18421200,0
18424800,0
18428400,0
18432000,0
18435600,0
18439200,0
18442800,0
18446400,0
18450000,0
18453600,0
18457200,0
18460800,0
18464400,0
18468000,0
18471600,0
18475200,0
18478800,0
18482400,0
18486000,0
18489600,0
18493200,0
18496800,0
18500400,0
18504000,0
18507600,0
18511200,0
18514800,0
18518400,0
18522000,1
18525600,1
18529200,1
18532800,1
18536400,1
18540000,1
18543600,1
18547200,1
18550800,1
18554400,1
18558000,1
18561600,1
18565200,1
18568800,1
18572400,1
18576000,1
18579600,1
18583200,1
18586800,1
18590400,1
18594000,1
18597600,1
18601200,1
18604800,1
18608400,1
18612000,1
18615600,1
18619200,1
18622800,1
18626400,1
18630000,1
18633600,1
18637200,1
18640800,1
18644400,1
18648000,1
18651600,1
18655200,1
18658800,1
18662400,1
18666000,1
18669600,1
18673200,1
18676800,1
18680400,1
18684000,1
18687600,1
18691200,1
18694800,1
18698400,1
18702000,1
18705600,1
18709200,1
18712800,1
18716400,1
18720000,1
18723600,1
18727200,1
18730800,1
18734400,1
18738000,1
18741600,1
18745200,1
18748800,1
18752400,1
18756000,1
18759600,1
18763200,1
18766800,1
18770400,1
18774000,1
18777600,1
18781200,1
18784800,1
18788400,1
18792000,1
18795600,1
18799200,1
18802800,1
18806400,1
18810000,1
18813600,1
18817200,1
18820800,1
18824400,1
18828000,1
18831600,1
18835200,1
18838800,1
18842400,1
18846000,1
18849600,1
18853200,1
18856800,1
18860400,1
18864000,1
18867600,1
18871200,1
18874800,1
18878400,1
18882000,1
18885600,1
18889200,1
18892800,1
18896400,1
18900000,1
18903600,1
18907200,1
18910800,1
18914400,1
18918000,1
18921600,1
18925200,1
18928800,1
18932400,1
18936000,1
18939600,1
18943200,1
18946800,1
18950400,1
18954000,1
18957600,1
18961200,1
18964800,1
18968400,1
18972000,1
18975600,1
18979200,1
18982800,1
18986400,1
18990000,1
18993600,1
18997200,1
19000800,1
19004400,1
19008000,1
19011600,1
19015200,1
19018800,1
19022400,1
19026000,1
19029600,1
19033200,1
19036800,1
19040400,1
19044000,1
19047600,1
19051200,1
19054800,1
19058400,1
19062000,0
19065600,0
19069200,0
19072800,0
19076400,0
19080000,0
19083600,0
19087200,0
19090800,0
19094400,0
19098000,0
19101600,0
19105200,0
19108800,0
19112400,0
19116000,0
19119600,0
19123200,0
19126800,0
19130400,0
19134000,0
19137600,0
19141200,0
19144800,0
19148400,0
19152000,0
19155600,0
19159200,0
19162800,0
19166400,0
19170000,0
19173600,0
19177200,0
19180800,0
19184400,0
19188000,0
19191600,0
19195200,0
19198800,0
19202400,0
19206000,0
19209600,0
19213200,0
19216800,0
19220400,0
19224000,0
19227600,0
19231200,0
19234800,0
19238400,0
19242000,0
19245600,0
19249200,0
19252800,0
19256400,0
19260000,0
19263600,0
19267200,0
19270800,0
19274400,0
19278000,0
19281600,0
19285200,0
19288800,0
19292400,0
19296000,0
19299600,0
19303200,0
19306800,0
19310400,0
19314000,0
19317600,0
19321200,0
19324800,0
19328400,0
19332000,0
19335600,0
19339200,0
19342800,0
19346400,0
19350000,0
19353600,0
19357200,0
19360800,0
19364400,0
19368000,0
19371600,0
19375200,0
19378800,0
19382400,0
19386000,0
19389600,0
19393200,0
19396800,0
19400400,0
19404000,0
19407600,0
19411200,0
19414800,0
19418400,0
19422000,0
19425600,0
19429200,0
19432800,0
19436400,0
19440000,0
19443600,0
19447200,0
19450800,0
19454400,0
19458000,0
19461600,0
19465200,0
19468800,1
19472400,1
19476000,1
19479600,1
19483200,1
19486800,1
19490400,1
19494000,1
19497600,1
19501200,1
19504800,1
19508400,1
19512000,1
19515600,1
19519200,1
19522800,1
19526400,1
19530000,1
19533600,1
19537200,1
19540800,1
19544400,1
19548000,1
19551600,1
19555200,1
19558800,1
19562400,1
19566000,1
19569600,1
19573200,1
19576800,1
19580400,1
19584000,1
19587600,1
19591200,1
19594800,1
19598400,1
19602000,1
19605600,1
19609200,1
19612800,1
19616400,1
19620000,1
19623600,1
19627200,1
19630800,1
19634400,1
19638000,1
19641600,1
19645200,1
19648800,1
19652400,1
19656000,1
19659600,1
19663200,1
19666800,1
19670400,1
19674000,1
19677600,1
19681200,1
19684800,1
19688400,1
19692000,1
19695600,1
19699200,1
19702800,1
19706400,1
19710000,1
19713600,1
19717200,1
19720800,1
19724400,1
19728000,1
19731600,1
19735200,1
19738800,1
19742400,1
19746000,1
19749600,1
19753200,1
19756800,1
19760400,1
19764000,1
19767600,1
19771200,1
19774800,1
19778400,1
19782000,1
19785600,1
19789200,1
19792800,1
19796400,1
19800000,1
19803600,1
19807200,1
19810800,1
19814400,1
19818000,1
19821600,1
19825200,1
19828800,1
19832400,1
19836000,1
19839600,1
19843200,1
19846800,1
19850400,1
19854000,1
19857600,1
19861200,1
19864800,1
19868400,1
19872000,1
19875600,1
19879200,1
19882800,1
19886400,1
19890000,1
19893600,1
19897200,1
19900800,1
19904400,1
19908000,1
19911600,1
19915200,1
19918800,1
19922400,1
19926000,1
19929600,1
19933200,1
19936800,1
19940400,1
19944000,1
19947600,1
19951200,1
19954800,1
19958400,1
19962000,1
19965600,1
19969200,1
19972800,1
19976400,1
19980000,1
19983600,1
19987200,1
19990800,1
19994400,1
19998000,1
20001600,1
20005200,1
20008800,1
20012400,1
20016000,1
20019600,1
20023200,1
20026800,1
20030400,1
20034000,1
20037600,1
20041200,1
20044800,1
20048400,1
20052000,1
20055600,1
20059200,1
20062800,1
20066400,1
20070000,1
20073600,1
20077200,1
20080800,1
20084400,0
20088000,0
20091600,0
20095200,0
20098800,0
20102400,0
20106000,0
20109600,0
20113200,0
20116800,0
20120400,0
20124000,0
20127600,0
20131200,0
20134800,0
20138400,0
20142000,0
20145600,0
20149200,0
20152800,0
20156400,0
20160000,0
20163600,0
20167200,0
20170800,0
20174400,0
20178000,0
20181600,0
20185200,0
20188800,0
20192400,0
20196000,0
20199600,0
20203200,0
20206800,0
20210400,0
20214000,0
20217600,0
20221200,0
20224800,0
20228400,0
20232000,0
20235600,0
20239200,0
20242800,0
20246400,0
20250000,0
20253600,0
20257200,0
20260800,0
20264400,0
20268000,0
20271600,0
20275200,0
20278800,0
20282400,0
20286000,0
20289600,0
20293200,0
20296800,0
20300400,0
20304000,0
20307600,0
20311200,0
20314800,0
20318400,0
20322000,0
20325600,0
20329200,0
20332800,0
20336400,0
20340000,0
20343600,0
20347200,0
20350800,0
20354400,0
20358000,0
20361600,0
20365200,0
20368800,0
20372400,0
20376000,0
20379600,0
20383200,0
20386800,0
20390400,0
20394000,0
20397600,0
20401200,0
20404800,0
20408400,0
20412000,0
20415600,0
20419200,0
20422800,0
20426400,0
20430000,0
20433600,0
20437200,0
20440800,0
20444400,0
20448000,0
20451600,0
20455200,0
20458800,0
20462400,0
20466000,0
20469600,0
20473200,0
20476800,0
20480400,0
20484000,0
20487600,0
20491200,0
20494800,0
20498400,0
20502000,0
20505600,0
20509200,0
20512800,0
20516400,0
20520000,0
20523600,0
20527200,0
20530800,0
20534400,0
20538000,0
20541600,0
20545200,0
20548800,0
20552400,0
20556000,0
20559600,0
20563200,1
20566800,1
20570400,1
20574000,1
20577600,1
20581200,1
20584800,1
20588400,1
20592000,1
20595600,1
20599200,1
20602800,1
20606400,1
20610000,1
20613600,1
20617200,1
20620800,1
20624400,1
20628000,1
20631600,1
20635200,1
20638800,1
20642400,1
20646000,1
20649600,1
20653200,1
20656800,1
20660400,1
20664000,1
20667600,1
20671200,1
20674800,1
20678400,1
20682000,1
20685600,1
20689200,1
20692800,1
20696400,1
20700000,1
20703600,1
20707200,1
20710800,1
20714400,1
20718000,1
20721600,1
20725200,1
20728800,1
20732400,1
20736000,1
20739600,1
20743200,1
20746800,1
20750400,1
20754000,1
20757600,1
20761200,1
20764800,1
20768400,1
20772000,1
20775600,1
20779200,1
20782800,1
20786400,1
20790000,1
20793600,1
20797200,1
20800800,1
20804400,1
20808000,1
20811600,1
20815200,1
20818800,1
20822400,1
20826000,1
20829600,1
20833200,1
20836800,1
20840400,1
20844000,1
20847600,1
20851200,1
20854800,1
20858400,1
20862000,1
20865600,1
20869200,1
20872800,1
20876400,1
20880000,1
20883600,1
20887200,1
20890800,1
20894400,1
20898000,1
20901600,1
20905200,1
20908800,1
20912400,1
20916000,1
20919600,1
20923200,1
20926800,1
20930400,1
20934000,1
20937600,1
20941200,1
20944800,1
20948400,1
20952000,1
20955600,1
20959200,1
20962800,1
20966400,1
20970000,1
20973600,1
20977200,1
20980800,1
20984400,1
20988000,1
20991600,1
20995200,1
20998800,1
21002400,1
21006000,1
21009600,1
21013200,1
21016800,1
21020400,1
21024000,1
21027600,1
21031200,1
21034800,1
21038400,1
21042000,1
21045600,1
21049200,1
21052800,1
21056400,1
21060000,1
21063600,1
21067200,1
21070800,1
21074400,1
21078000,1
21081600,1
21085200,1
21088800,1
21092400,1
21096000,1
21099600,1
21103200,1
21106800,1
21110400,1
21114000,1
21117600,1
21121200,1
21124800,1
21128400,1
21132000,1
21135600,1
21139200,1
21142800,1
21146400,1
21150000,1
21153600,1
21157200,1
21160800,1
21164400,1
21168000,1
21171600,1
21175200,1
21178800,1
21182400,1
21186000,1
21189600,1
21193200,1
21196800,1
21200400,1
21204000,1
21207600,0
21211200,0
21214800,0
21218400,0
21222000,0
21225600,0
21229200,0
21232800,0
21236400,0
21240000,0
21243600,0
21247200,0
21250800,0
21254400,0
21258000,0
21261600,0
21265200,0
21268800,0
21272400,0
21276000,0
21279600,0
21283200,0
21286800,0
21290400,0
21294000,0
21297600,0
21301200,0
21304800,0
21308400,0
21312000,0
21315600,0
21319200,0
21322800,0
21326400,0
21330000,0
21333600,0
21337200,0
21340800,0
21344400,0
21348000,0
21351600,0
21355200,0
21358800,0
21362400,0
21366000,0
21369600,0
21373200,0
21376800,0
21380400,0
21384000,0
21387600,0
21391200,0
21394800,0
21398400,0
21402000,0
21405600,0
21409200,0
21412800,0
21416400,0
21420000,0
21423600,0
21427200,0
21430800,0
21434400,0
21438000,0
21441600,0
21445200,0
21448800,0
21452400,0
21456000,0
21459600,0
21463200,0
21466800,0
21470400,0
21474000,0
21477600,0
21481200,0
21484800,0
21488400,0
21492000,0
21495600,0
21499200,0
21502800,0
21506400,0
21510000,0
21513600,0
21517200,0
21520800,0
21524400,0
21528000,0
21531600,0
21535200,0
21538800,0
21542400,0
21546000,0
21549600,0
21553200,0
21556800,0
21560400,0
21564000,0
21567600,0
21571200,0
21574800,0
21578400,0
21582000,0
21585600,0
21589200,0
21592800,0
21596400,0
21600000,0
21603600,0
21607200,0
21610800,0
21614400,0
21618000,0
21621600,0
21625200,0
21628800,0
21632400,0
21636000,0
21639600,0
21643200,0
21646800,0
21650400,0
21654000,0
21657600,0
21661200,0
21664800,0
21668400,0
21672000,0
21675600,0
21679200,0
21682800,0
21686400,0
21690000,0
21693600,0
21697200,0
21700800,0
21704400,0
21708000,0
21711600,0
21715200,0
21718800,0
21722400,0
21726000,0
21729600,0
21733200,0
21736800,0
21740400,0
21744000,0
21747600,0
21751200,0
21754800,0
21758400,0
21762000,0
21765600,0
21769200,0
21772800,0
21776400,0
21780000,0
21783600,0
21787200,0
21790800,0
21794400,0
21798000,0
21801600,0
21805200,0
21808800,0
21812400,0
21816000,0
21819600,0
21823200,0
21826800,0
21830400,0
21834000,0
21837600,0
21841200,0
21844800,0
21848400,0
21852000,0
21855600,0
21859200,0
21862800,0
21866400,0
21870000,0
21873600,0
21877200,0
21880800,0
21884400,0
21888000,0
21891600,0
21895200,0
21898800,0
21902400,0
21906000,0
21909600,0
21913200,0
21916800,0
21920400,0
21924000,0
21927600,0
21931200,0
21934800,0
21938400,0
21942000,0
21945600,0
21949200,0
21952800,0
21956400,0
21960000,0
21963600,0
21967200,0
21970800,0
21974400,0
21978000,0
21981600,0
21985200,0
21988800,0
21992400,0
21996000,0
21999600,0
22003200,0
22006800,0
22010400,0
22014000,1
22017600,1
22021200,1
22024800,1
22028400,1
22032000,1
22035600,1
22039200,1
22042800,1
22046400,1
22050000,1
22053600,1
22057200,1
22060800,1
22064400,1
22068000,1
22071600,1
22075200,1
22078800,1
22082400,1
22086000,1
22089600,1
22093200,1
22096800,1
22100400,1
22104000,1
22107600,1
22111200,1
22114800,1
22118400,1
22122000,1
22125600,1
22129200,1
22132800,1
22136400,1
22140000,1
22143600,1
22147200,1
22150800,1
22154400,1
22158000,1
22161600,1
22165200,1
22168800,1
22172400,1
22176000,1
22179600,1
22183200,1
22186800,1
22190400,1
22194000,1
22197600,1
22201200,1
22204800,1
22208400,1
22212000,1
22215600,1
22219200,1
22222800,1
22226400,1
22230000,1
22233600,1
22237200,1
22240800,1
22244400,1
22248000,1
22251600,1
22255200,1
22258800,1
22262400,1
22266000,1
22269600,1
22273200,1
22276800,1
22280400,1
22284000,1
22287600,1
22291200,1
22294800,1
22298400,1
22302000,1
22305600,1
22309200,1
22312800,1
22316400,1
22320000,1
22323600,1
22327200,1
22330800,1
22334400,1
22338000,1
22341600,1
22345200,1
22348800,1
22352400,1
22356000,1
22359600,1
22363200,1
22366800,1
22370400,1
22374000,1
22377600,1
22381200,1
22384800,1
22388400,1
22392000,1
22395600,1
22399200,1
22402800,1
22406400,1
22410000,1
22413600,1
22417200,1
22420800,1
22424400,1
22428000,1
22431600,1
22435200,1
22438800,1
22442400,1
22446000,1
22449600,1
22453200,1
22456800,1
22460400,1
22464000,1
22467600,1
22471200,1
22474800,1
22478400,1
22482000,1
22485600,1
22489200,1
22492800,1
22496400,1
22500000,1
22503600,1
22507200,1
22510800,1
22514400,1
22518000,1
22521600,1
22525200,1
22528800,1
22532400,1
22536000,1
22539600,1
22543200,1
22546800,1
22550400,1
22554000,1
22557600,1
22561200,1
22564800,1
22568400,1
22572000,1
22575600,1
22579200,1
22582800,1
22586400,1
22590000,0
22593600,0
22597200,0
22600800,0
22604400,0
22608000,0
22611600,0
22615200,0
22618800,0
22622400,0
22626000,0
22629600,0
22633200,0
22636800,0
22640400,0
22644000,0
22647600,0
22651200,0
22654800,0
22658400,0
22662000,0
22665600,0
22669200,0
22672800,0
22676400,0
22680000,0
22683600,0
22687200,0
22690800,0
22694400,0
22698000,0
22701600,0
22705200,0
22708800,0
22712400,0
22716000,0
22719600,0
22723200,0
22726800,0
22730400,0
22734000,0
22737600,0
22741200,0
22744800,0
22748400,0
22752000,0
22755600,0
22759200,0
22762800,0
22766400,0
22770000,0
22773600,0
22777200,0
22780800,0
22784400,0
22788000,0
22791600,0
22795200,0
22798800,0
22802400,0
22806000,0
22809600,0
22813200,0
22816800,0
22820400,0
22824000,0
22827600,0
22831200,0
22834800,0
22838400,0
22842000,0
22845600,0
22849200,0
22852800,0
22856400,0
22860000,0
22863600,0
22867200,0
22870800,0
22874400,0
22878000,0
22881600,0
22885200,0
22888800,0
22892400,0
22896000,0
22899600,0
22903200,0
22906800,0
22910400,0
22914000,0
22917600,0
22921200,0
22924800,0
22928400,0
22932000,0
22935600,0
22939200,0
22942800,0
22946400,0
22950000,0
22953600,0
22957200,0
22960800,0
22964400,0
22968000,0
22971600,0
22975200,0
22978800,0
22982400,0
22986000,0
22989600,0
22993200,0
22996800,0
23000400,0
23004000,0
23007600,0
23011200,0
23014800,0
23018400,0
23022000,0
23025600,0
23029200,0
23032800,0
23036400,0
23040000,0
23043600,0
23047200,0
23050800,0
23054400,0
23058000,0
23061600,0
23065200,0
23068800,0
23072400,0
23076000,0
23079600,0
23083200,0
23086800,0
23090400,0
23094000,0
23097600,0
23101200,0
23104800,0
23108400,0
23112000,0
23115600,0
23119200,0
23122800,0
23126400,0
23130000,0
23133600,0
23137200,0
23140800,0
23144400,0
23148000,0
23151600,0
23155200,0
23158800,0
23162400,0
23166000,0
23169600,0
23173200,0
23176800,0
23180400,0
23184000,0
23187600,0
23191200,0
23194800,0
23198400,0
23202000,0
23205600,0
23209200,0
23212800,0
23216400,0
23220000,0
23223600,0
23227200,0
23230800,0
23234400,0
23238000,0
23241600,0
23245200,0
23248800,0
23252400,0
23256000,0
23259600,0
23263200,0
23266800,0
23270400,0
23274000,0
23277600,0
23281200,0
23284800,0
23288400,0
23292000,0
23295600,0
23299200,0
23302800,0
23306400,0
23310000,0
23313600,0
23317200,0
23320800,0
23324400,0
23328000,0
23331600,0
23335200,0
23338800,0
23342400,0
23346000,0
23349600,0
23353200,0
23356800,0
23360400,0
23364000,0
23367600,0
23371200,0
23374800,0
23378400,0
23382000,0
23385600,0
23389200,0
23392800,0
23396400,0
23400000,0
23403600,0
23407200,0
23410800,0
23414400,0
23418000,0
23421600,0
23425200,0
23428800,0
23432400,0
23436000,0
23439600,0
23443200,0
23446800,0
23450400,0
23454000,0
23457600,0
23461200,0
23464800,0
23468400,0
23472000,0
23475600,0
23479200,0
23482800,1
23486400,1
23490000,1
23493600,1
23497200,1
23500800,1
23504400,1
23508000,1
23511600,1
23515200,1
23518800,1
23522400,1
23526000,1
23529600,1
23533200,1
23536800,1
23540400,1
23544000,1
23547600,1
23551200,1
23554800,1
23558400,1
23562000,1
23565600,1
23569200,1
23572800,1
23576400,1
23580000,1
23583600,1
23587200,1
23590800,1
23594400,1
23598000,1
23601600,1
23605200,1
23608800,1
23612400,1
23616000,1
23619600,1
23623200,1
23626800,1
23630400,1
23634000,1
23637600,1
23641200,1
23644800,1
23648400,1
23652000,1
23655600,1
23659200,1
23662800,1
23666400,1
23670000,1
23673600,1
23677200,1
23680800,1
23684400,1
23688000,1
23691600,1
23695200,1
23698800,1
23702400,1
23706000,1
23709600,1
23713200,1
23716800,1
23720400,1
23724000,1
23727600,1
23731200,1
23734800,1
23738400,1
23742000,1
23745600,1
23749200,1
23752800,1
23756400,1
23760000,1
23763600,1
23767200,1
23770800,1
23774400,1
23778000,1
23781600,1
23785200,1
23788800,1
23792400,1
23796000,1
23799600,1
23803200,1
23806800,1
23810400,1
23814000,1
23817600,1
23821200,1
23824800,1
23828400,1
23832000,1
23835600,1
23839200,1
23842800,1
23846400,1
23850000,1
23853600,1
23857200,1
23860800,1
23864400,1
23868000,1
23871600,1
23875200,1
23878800,1
23882400,1
23886000,1
23889600,1
23893200,1
23896800,1
23900400,1
23904000,1
23907600,1
23911200,1
23914800,1
23918400,1
23922000,1
23925600,1
23929200,1
23932800,1
23936400,1
23940000,1
23943600,1
23947200,1
23950800,1
23954400,1
23958000,1
23961600,1
23965200,1
23968800,1
23972400,1
23976000,1
23979600,1
23983200,1
23986800,1
23990400,1
23994000,1
23997600,1
24001200,1
24004800,1
24008400,1
24012000,1
24015600,1
24019200,1
24022800,1
24026400,1
24030000,1
24033600,1
24037200,1
24040800,1
24044400,1
24048000,1
24051600,1
24055200,1
24058800,1
24062400,1
24066000,1
24069600,1
24073200,1
24076800,1
24080400,1
24084000,1
24087600,1
24091200,1
24094800,1
24098400,1
24102000,1
24105600,1
24109200,1
24112800,1
24116400,1
24120000,1
24123600,1
24127200,0
24130800,0
24134400,0
24138000,0
24141600,0
24145200,0
24148800,0
24152400,0
24156000,0
24159600,0
24163200,0
24166800,0
24170400,0
24174000,0
24177600,0
24181200,0
24184800,0
24188400,0
24192000,0
24195600,0
24199200,0
24202800,0
24206400,0
24210000,0
24213600,0
24217200,0
24220800,0
24224400,0
24228000,0
24231600,0
24235200,0
24238800,0
24242400,0
24246000,0
24249600,0
24253200,0
24256800,0
24260400,0
24264000,0
24267600,0
24271200,0
24274800,0
24278400,0
24282000,0
24285600,0
24289200,0
24292800,0
24296400,0
24300000,0
24303600,0
24307200,0
24310800,0
24314400,0
24318000,0
24321600,0
24325200,0
24328800,0
24332400,0
24336000,0
24339600,0
24343200,0
24346800,0
24350400,0
24354000,0
24357600,0
24361200,0
24364800,0
24368400,0
24372000,0
24375600,0
24379200,0
24382800,0
24386400,0
24390000,0
24393600,0
24397200,0
24400800,0
24404400,0
24408000,0
24411600,0
24415200,0
24418800,0
24422400,0
24426000,0
24429600,0
24433200,0
24436800,0
24440400,0
24444000,0
24447600,0
24451200,0
24454800,0
24458400,0
24462000,0
24465600,0
24469200,0
24472800,0
24476400,0
24480000,0
24483600,0
24487200,0
24490800,0
24494400,0
24498000,0
24501600,0
24505200,0
24508800,0
24512400,0
24516000,0
24519600,0
24523200,0
24526800,0
24530400,0
24534000,0
24537600,0
24541200,0
24544800,0
24548400,0
24552000,0
24555600,0
24559200,0
24562800,0
24566400,0
24570000,0
24573600,0
24577200,0
24580800,0
24584400,0
24588000,0
24591600,0
24595200,0
24598800,0
24602400,0
24606000,0
24609600,0
24613200,0
24616800,0
24620400,0
24624000,0
24627600,0
24631200,0
24634800,0
24638400,0
24642000,0
24645600,0
24649200,0
24652800,0
24656400,0
24660000,0
24663600,0
24667200,0
24670800,0
24674400,0
24678000,0
24681600,0
24685200,0
24688800,0
24692400,0
24696000,0
24699600,0
24703200,0
24706800,0
24710400,0
24714000,0
24717600,0
24721200,0
24724800,0
24728400,0
24732000,0
24735600,0
24739200,0
24742800,0
24746400,0
24750000,0
24753600,0
24757200,0
24760800,0
24764400,0
24768000,0
24771600,0
24775200,0
24778800,0
24782400,0
24786000,0
24789600,0
24793200,0
24796800,0
24800400,0
24804000,0
24807600,0
24811200,0
24814800,0
24818400,0
24822000,0
24825600,0
24829200,0
24832800,0
24836400,0
24840000,0
24843600,0
24847200,0
24850800,0
24854400,0
24858000,0
24861600,0
24865200,0
24868800,0
24872400,0
24876000,0
24879600,0
24883200,0
24886800,0
24890400,0
24894000,0
24897600,0
24901200,0
24904800,0
24908400,0
24912000,0
24915600,0
24919200,0
24922800,0
24926400,0
24930000,0
24933600,0
24937200,0
24940800,0
24944400,0
24948000,0
24951600,0
24955200,0
24958800,0
24962400,0
24966000,0
24969600,0
24973200,0
24976800,0
24980400,0
24984000,0
24987600,0
24991200,0
24994800,0
24998400,0
25002000,0
25005600,0
25009200,0
25012800,0
25016400,0
25020000,0
25023600,0
25027200,0
25030800,0
25034400,0
25038000,0
25041600,0
25045200,0
25048800,0
25052400,0
25056000,0
25059600,0
25063200,0
25066800,0
25070400,0
25074000,0
25077600,0
25081200,0
25084800,0
25088400,0
25092000,0
25095600,0
25099200,0
25102800,0
25106400,0
25110000,0
25113600,0
25117200,0
25120800,0
25124400,0
25128000,0
25131600,0
25135200,0
25138800,0
25142400,0
25146000,0
25149600,0
25153200,0
25156800,0
25160400,0
25164000,0
25167600,0
25171200,0
25174800,0
25178400,0
25182000,0
25185600,0
25189200,0
25192800,0
25196400,0
25200000,0
25203600,0
25207200,0
25210800,0
25214400,0
25218000,0
25221600,0
25225200,0
25228800,0
25232400,0
25236000,0
25239600,0
25243200,0
25246800,0
25250400,0
25254000,0
25257600,0
25261200,0
25264800,0
25268400,0
25272000,0
25275600,0
25279200,0
25282800,0
25286400,0
25290000,0
25293600,0
25297200,0
25300800,0
25304400,0
25308000,0
25311600,0
25315200,0
25318800,0
25322400,0
25326000,0
25329600,0
25333200,0
25336800,0
25340400,0
25344000,0
25347600,0
25351200,0
25354800,0
25358400,0
25362000,0
25365600,0
25369200,0
25372800,0
25376400,1
25380000,1
25383600,1
25387200,1
25390800,1
25394400,1
25398000,1
25401600,1
25405200,1
25408800,1
25412400,1
25416000,1
25419600,1
25423200,1
25426800,1
25430400,1
25434000,1
25437600,1
25441200,1
25444800,1
25448400,1
25452000,1
25455600,1
25459200,1
25462800,1
25466400,1
25470000,1
25473600,1
25477200,1
25480800,1
25484400,1
25488000,1
25491600,1
25495200,1
25498800,1
25502400,1
25506000,1
25509600,1
25513200,1
25516800,1
25520400,1
25524000,1
25527600,1
25531200,1
25534800,1
25538400,1
25542000,1
25545600,1
25549200,1
25552800,1
25556400,1
25560000,1
25563600,1
25567200,1
25570800,1
25574400,1
25578000,1
25581600,1
25585200,1
25588800,1
25592400,1
25596000,1
25599600,1
25603200,1
25606800,1
25610400,1
25614000,1
25617600,1
25621200,1
25624800,1
25628400,1
25632000,1
25635600,1
25639200,1
25642800,1
25646400,1
25650000,1
25653600,1
25657200,1
25660800,1
25664400,1
25668000,1
25671600,1
25675200,1
25678800,1
25682400,1
25686000,1
25689600,1
25693200,1
25696800,1
25700400,1
25704000,1
25707600,1
25711200,1
25714800,1
25718400,1
25722000,1
25725600,1
25729200,1
25732800,1
25736400,1
25740000,1
25743600,1
25747200,1
25750800,1
25754400,1
25758000,1
25761600,1
25765200,1
25768800,1
25772400,1
25776000,1
25779600,1
25783200,1
25786800,1
25790400,1
25794000,1
25797600,1
25801200,1
25804800,1
25808400,1
25812000,1
25815600,1
25819200,1
25822800,1
25826400,1
25830000,1
25833600,1
25837200,1
25840800,1
25844400,1
25848000,1
25851600,1
25855200,1
25858800,1
25862400,1
25866000,1
25869600,1
25873200,1
25876800,1
25880400,1
25884000,1
25887600,1
25891200,1
25894800,1
25898400,1
25902000,1
25905600,1
25909200,1
25912800,1
25916400,1
25920000,1
25923600,1
25927200,1
25930800,1
25934400,1
25938000,1
25941600,1
25945200,1
25948800,1
25952400,1
25956000,1
25959600,1
25963200,1
25966800,1
25970400,1
25974000,1
25977600,1
25981200,1
25984800,1
25988400,1
25992000,1
25995600,1
25999200,1
26002800,1
26006400,1
26010000,1
26013600,1
26017200,1
26020800,1
26024400,1
26028000,1
26031600,1
26035200,1
26038800,1
26042400,1
26046000,1
26049600,1
26053200,1
26056800,1
26060400,1
26064000,1
26067600,1
26071200,1
26074800,1
26078400,1
26082000,1
26085600,1
26089200,1
26092800,1
26096400,1
26100000,1
26103600,1
26107200,1
26110800,1
26114400,1
26118000,1
26121600,1
26125200,1
26128800,1
26132400,1
26136000,1
26139600,1
26143200,1
26146800,1
26150400,1
26154000,1
26157600,1
26161200,1
26164800,1
26168400,1
26172000,1
26175600,1
26179200,1
26182800,1
26186400,1
26190000,1
26193600,1
26197200,1
26200800,1
26204400,1
26208000,1
26211600,1
26215200,1
26218800,1
26222400,1
26226000,1
26229600,1
26233200,1
26236800,1
26240400,1
26244000,1
26247600,1
26251200,1
26254800,1
26258400,1
26262000,1
26265600,1
26269200,1
26272800,1
26276400,1
26280000,1
26283600,1
26287200,1
26290800,1
26294400,1
26298000,1
26301600,1
26305200,1
26308800,1
26312400,1
26316000,1
26319600,1
26323200,1
26326800,1
26330400,1
26334000,1
26337600,1
26341200,1
26344800,1
26348400,1
26352000,1
26355600,1
26359200,1
26362800,1
26366400,1
26370000,1
26373600,1
26377200,1
26380800,1
26384400,1
26388000,1
26391600,1
26395200,1
26398800,1
26402400,1
26406000,1
26409600,1
26413200,1
26416800,1
26420400,1
26424000,1
26427600,1
26431200,1
26434800,1
26438400,1
26442000,1
26445600,1
26449200,1
26452800,1
26456400,1
26460000,1
26463600,1
26467200,1
26470800,1
26474400,1
26478000,1
26481600,1
26485200,1
26488800,1
26492400,1
26496000,1
26499600,1
26503200,1
26506800,1
26510400,1
26514000,1
26517600,1
26521200,1
26524800,1
26528400,1
26532000,1
26535600,1
26539200,1
26542800,1
26546400,1
26550000,1
26553600,1
26557200,1
26560800,1
26564400,1
26568000,1
26571600,1
26575200,1
26578800,1
26582400,1
26586000,1
26589600,1
26593200,1
26596800,1
26600400,1
26604000,1
26607600,1
26611200,1
26614800,1
26618400,1
26622000,1
26625600,1
26629200,1
26632800,1
26636400,1
26640000,1
26643600,1
26647200,1
26650800,1
26654400,1
26658000,1
26661600,1
26665200,1
26668800,1
26672400,1
26676000,1
26679600,1
26683200,1
26686800,1
26690400,1
26694000,1
26697600,1
26701200,1
26704800,1
26708400,1
26712000,1
26715600,1
26719200,1
26722800,1
26726400,1
26730000,1
26733600,1
26737200,1
26740800,1
26744400,1
26748000,1
26751600,1
26755200,1
26758800,1
26762400,1
26766000,1
26769600,1
26773200,1
26776800,1
26780400,1
26784000,1
26787600,1
26791200,1
26794800,1
26798400,1
26802000,1
26805600,1
26809200,1
26812800,1
26816400,1
26820000,1
26823600,1
26827200,1
26830800,1
26834400,1
26838000,1
26841600,1
26845200,1
26848800,1
26852400,1
26856000,1
26859600,1
26863200,1
26866800,1
26870400,1
26874000,1
26877600,1
26881200,1
26884800,1
26888400,1
26892000,1
26895600,1
26899200,1
26902800,1
26906400,1
26910000,1
26913600,1
26917200,1
26920800,1
26924400,1
26928000,1
26931600,1
26935200,1
26938800,1
26942400,1
26946000,1
26949600,1
26953200,1
26956800,1
26960400,1
26964000,1
26967600,1
26971200,1
26974800,1
26978400,1
26982000,1
26985600,1
26989200,1
26992800,1
26996400,1
27000000,1
27003600,1
27007200,1
27010800,1
27014400,1
27018000,1
27021600,1
27025200,1
27028800,1
27032400,1
27036000,1
27039600,1
27043200,1
27046800,1
27050400,1
27054000,1
27057600,1
27061200,1
27064800,1
27068400,1
27072000,1
27075600,1
27079200,1
27082800,1
27086400,1
27090000,1
27093600,1
27097200,1
27100800,1
27104400,1
27108000,1
27111600,1
27115200,1
27118800,1
27122400,1
27126000,1
27129600,1
27133200,1
27136800,1
27140400,1
27144000,1
27147600,1
27151200,1
27154800,1
27158400,1
27162000,1
27165600,1
27169200,1
27172800,1
27176400,1
27180000,1
27183600,1
27187200,1
27190800,1
27194400,1
27198000,1
27201600,1
27205200,1
27208800,1
27212400,1
27216000,1
27219600,1
27223200,1
27226800,1
27230400,1
27234000,1
27237600,1
27241200,1
27244800,1
27248400,1
27252000,1
27255600,1
27259200,1
27262800,1
27266400,1
27270000,1
27273600,1
27277200,1
27280800,1
27284400,1
27288000,1
27291600,1
27295200,1
27298800,1
27302400,1
27306000,1
27309600,1
27313200,1
27316800,1
27320400,1
27324000,1
27327600,1
27331200,1
27334800,1
27338400,1
27342000,1
27345600,1
27349200,1
27352800,1
27356400,1
27360000,1
27363600,1
27367200,1
27370800,1
27374400,1
27378000,1
27381600,1
27385200,1
27388800,1
27392400,1
27396000,1
27399600,1
27403200,1
27406800,1
27410400,1
27414000,1
27417600,1
27421200,1
27424800,1
27428400,1
27432000,1
27435600,1
27439200,1
27442800,1
27446400,1
27450000,1
27453600,1
27457200,1
27460800,1
27464400,1
27468000,1
27471600,1
27475200,1
27478800,1
27482400,1
27486000,1
27489600,1
27493200,1
27496800,1
27500400,1
27504000,1
27507600,1
27511200,1
27514800,1
27518400,1
27522000,1
27525600,1
27529200,1
27532800,1
27536400,1
27540000,1
27543600,1
27547200,1
27550800,1
27554400,1
27558000,1
27561600,1
27565200,1
27568800,1
27572400,1
27576000,1
27579600,1
27583200,1
27586800,1
27590400,1
27594000,1
27597600,1
27601200,1
27604800,1
27608400,1
27612000,1
27615600,1
27619200,1
27622800,1
27626400,1
27630000,1
27633600,1
27637200,1
27640800,1
27644400,1
27648000,1
27651600,1
27655200,1
27658800,1
27662400,1
27666000,1
27669600,1
27673200,1
27676800,1
27680400,1
27684000,1
27687600,1
27691200,1
27694800,1
27698400,1
27702000,1
27705600,1
27709200,1
27712800,1
27716400,1
27720000,1
27723600,1
27727200,1
27730800,1
27734400,1
27738000,1
27741600,1
27745200,1
27748800,1
27752400,1
27756000,1
27759600,1
27763200,1
27766800,1
27770400,1
27774000,1
27777600,1
27781200,1
27784800,1
27788400,1
27792000,1
27795600,1
27799200,1
27802800,1
27806400,1
27810000,1
27813600,1
27817200,1
27820800,1
27824400,1
27828000,1
27831600,1
27835200,1
27838800,1
27842400,1
27846000,1
27849600,1
27853200,1
27856800,1
27860400,1
27864000,1
27867600,1
27871200,1
27874800,1
27878400,1
27882000,1
27885600,1
27889200,1
27892800,1
27896400,1
27900000,1
27903600,1
27907200,1
27910800,1
27914400,1
27918000,1
27921600,1
27925200,1
27928800,1
27932400,1
27936000,1
27939600,1
27943200,1
27946800,1
27950400,1
27954000,1
27957600,1
27961200,1
27964800,1
27968400,1
27972000,1
27975600,1
27979200,1
27982800,1
27986400,1
27990000,1
27993600,1
27997200,1
28000800,1
28004400,1
28008000,1
28011600,1
28015200,1
28018800,1
28022400,1
28026000,1
28029600,1
28033200,1
28036800,1
28040400,1
28044000,1
28047600,1
28051200,1
28054800,1
28058400,1
28062000,1
28065600,1
28069200,1
28072800,1
28076400,1
28080000,1
28083600,1
28087200,1
28090800,1
28094400,1
28098000,1
28101600,1
28105200,1
28108800,1
28112400,1
28116000,1
28119600,1
28123200,1
28126800,1
28130400,1
28134000,1
28137600,1
28141200,1
28144800,1
28148400,1
28152000,1
28155600,1
28159200,1
28162800,1
28166400,1
28170000,1
28173600,1
28177200,1
28180800,1
28184400,1
28188000,1
28191600,1
28195200,1
28198800,1
28202400,1
28206000,1
28209600,1
28213200,1
28216800,1
28220400,1
28224000,1
28227600,1
28231200,1
28234800,1
28238400,1
28242000,1
28245600,1
28249200,1
28252800,1
28256400,1
28260000,1
28263600,1
28267200,1
28270800,1
28274400,1
28278000,1
28281600,1
28285200,1
28288800,1
28292400,1
28296000,1
28299600,1
28303200,1
28306800,1
28310400,1
28314000,1
28317600,1
28321200,1
28324800,1
28328400,1
28332000,1
28335600,1
28339200,1
28342800,1
28346400,1
28350000,1
28353600,1
28357200,1
28360800,1
28364400,1
28368000,1
28371600,1
28375200,1
28378800,1
28382400,1
28386000,1
28389600,1
28393200,1
28396800,1
28400400,1
28404000,1
28407600,1
28411200,1
28414800,1
28418400,1
28422000,1
28425600,1
28429200,1
28432800,1
28436400,1
28440000,1
28443600,1
28447200,1
28450800,1
28454400,1
28458000,1
28461600,1
28465200,1
28468800,1
28472400,1
28476000,1
28479600,1
28483200,1
28486800,1
28490400,1
28494000,1
28497600,1
28501200,1
28504800,1
28508400,1
28512000,1
28515600,1
28519200,1
28522800,1
28526400,1
28530000,1
28533600,1
28537200,1
28540800,1
28544400,1
28548000,1
28551600,1
28555200,1
28558800,1
28562400,1
28566000,1
28569600,1
28573200,1
28576800,1
28580400,1
28584000,1
28587600,1
28591200,1
28594800,1
28598400,1
28602000,1
28605600,1
28609200,1
28612800,1
28616400,1
28620000,1
28623600,1
28627200,1
28630800,1
28634400,1
28638000,1
28641600,1
28645200,1
28648800,1
28652400,1
28656000,1
28659600,1
28663200,1
28666800,1
28670400,1
28674000,1
28677600,1
28681200,1
28684800,1
28688400,1
28692000,1
28695600,1
28699200,1
28702800,1
28706400,1
28710000,1
28713600,1
28717200,1
28720800,1
28724400,1
28728000,1
28731600,1
28735200,1
28738800,1
28742400,1
28746000,1
28749600,1
28753200,1
28756800,1
28760400,1
28764000,1
28767600,1
28771200,1
28774800,1
28778400,1
28782000,1
28785600,1
28789200,1
28792800,1
28796400,1
28800000,1
28803600,1
28807200,1
28810800,1
28814400,1
28818000,0
28821600,0
28825200,0
28828800,0
28832400,0
28836000,0
28839600,0
28843200,0
28846800,0
28850400,0
28854000,0
28857600,0
28861200,0
28864800,0
28868400,0
28872000,0
28875600,0
28879200,0
28882800,0
28886400,0
28890000,0
28893600,0
28897200,0
28900800,0
28904400,0
28908000,0
28911600,0
28915200,0
28918800,0
28922400,0
28926000,0
28929600,0
28933200,0
28936800,0
28940400,0
28944000,0
28947600,0
28951200,0
28954800,0
28958400,0
28962000,0
28965600,0
28969200,0
28972800,0
28976400,0
28980000,0
28983600,0
28987200,0
28990800,0
28994400,0
28998000,0
29001600,0
29005200,0
29008800,0
29012400,0
29016000,0
29019600,0
29023200,0
29026800,0
29030400,0
29034000,0
29037600,0
29041200,0
29044800,0
29048400,0
29052000,0
29055600,0
29059200,0
29062800,0
29066400,0
29070000,0
29073600,0
29077200,0
29080800,0
29084400,0
29088000,0
29091600,0
29095200,0
29098800,0
29102400,0
29106000,0
29109600,0
29113200,0
29116800,0
29120400,0
29124000,0
29127600,0
29131200,0
29134800,0
29138400,0
29142000,0
29145600,0
29149200,0
29152800,0
29156400,0
29160000,0
29163600,0
29167200,0
29170800,0
29174400,0
29178000,0
29181600,0
29185200,0
29188800,0
29192400,0
29196000,0
29199600,0
29203200,0
29206800,0
29210400,0
29214000,0
29217600,0
29221200,0
29224800,0
29228400,0
29232000,0
29235600,0
29239200,0
29242800,0
29246400,0
29250000,0
29253600,0
29257200,0
29260800,0
29264400,0
29268000,0
29271600,0
29275200,0
29278800,0
29282400,0
29286000,0
29289600,0
29293200,0
29296800,0
29300400,0
29304000,0
29307600,0
29311200,0
29314800,0
29318400,0
29322000,0
29325600,0
29329200,0
29332800,0
29336400,0
29340000,0
29343600,0
29347200,0
29350800,0
29354400,0
29358000,0
29361600,0
29365200,0
29368800,0
29372400,0
29376000,0
29379600,0
29383200,0
29386800,0
29390400,0
29394000,0
29397600,0
29401200,0
29404800,0
29408400,0
29412000,0
29415600,0
29419200,0
29422800,0
29426400,0
29430000,0
29433600,0
29437200,0
29440800,0
29444400,0
29448000,0
29451600,0
29455200,0
29458800,0
29462400,0
29466000,0
29469600,0
29473200,0
29476800,0
29480400,0
29484000,0
29487600,0
29491200,0
29494800,0
29498400,0
29502000,0
29505600,0
29509200,0
29512800,0
29516400,0
29520000,0
29523600,0
29527200,0
29530800,0
29534400,0
29538000,0
29541600,0
29545200,0
29548800,0
29552400,0
29556000,0
29559600,0
29563200,0
29566800,0
29570400,0
29574000,0
29577600,0
29581200,0
29584800,0
29588400,0
29592000,0
29595600,0
29599200,0
29602800,0
29606400,0
29610000,0
29613600,0
29617200,0
29620800,0
29624400,0
29628000,0
29631600,0
29635200,0
29638800,0
29642400,0
29646000,0
29649600,0
29653200,0
29656800,0
29660400,0
29664000,0
29667600,0
29671200,0
29674800,0
29678400,0
29682000,0
29685600,0
29689200,0
29692800,0
29696400,0
29700000,0
29703600,0
29707200,0
29710800,0
29714400,0
29718000,0
29721600,0
29725200,0
29728800,0
29732400,0
29736000,0
29739600,0
29743200,0
29746800,0
29750400,0
29754000,0
29757600,0
29761200,0
29764800,0
29768400,0
29772000,0
29775600,0
29779200,0
29782800,0
29786400,0
29790000,0
29793600,0
29797200,0
29800800,0
29804400,0
29808000,0
29811600,0
29815200,0
29818800,0
29822400,0
29826000,0
29829600,0
29833200,0
29836800,0
29840400,0
29844000,0
29847600,0
29851200,0
29854800,0
29858400,0
29862000,0
29865600,0
29869200,0
29872800,0
29876400,0
29880000,0
29883600,0
29887200,0
29890800,0
29894400,0
29898000,0
29901600,0
29905200,0
29908800,0
29912400,0
29916000,0
29919600,0
29923200,0
29926800,0
29930400,0
29934000,0
29937600,0
29941200,0
29944800,0
29948400,0
29952000,0
29955600,0
29959200,0
29962800,0
29966400,0
29970000,0
29973600,0
29977200,0
29980800,0
29984400,0
29988000,0
29991600,0
29995200,0
29998800,0
30002400,0
30006000,0
30009600,0
30013200,0
30016800,0
30020400,0
30024000,0
30027600,0
30031200,0
30034800,0
30038400,0
30042000,0
30045600,0
30049200,0
30052800,0
30056400,0
30060000,0
30063600,0
30067200,0
30070800,0
30074400,0
30078000,0
30081600,0
30085200,0
30088800,0
30092400,0
30096000,0
30099600,0
30103200,0
30106800,0
30110400,0
30114000,0
30117600,0
30121200,0
30124800,0
30128400,0
30132000,0
30135600,0
30139200,0
30142800,0
30146400,0
30150000,0
30153600,0
30157200,0
30160800,0
30164400,0
30168000,0
30171600,0
30175200,0
30178800,0
30182400,0
30186000,0
30189600,0
30193200,0
30196800,0
30200400,0
30204000,0
30207600,0
30211200,0
30214800,0
30218400,0
30222000,0
30225600,0
30229200,0
30232800,0
30236400,0
30240000,0
30243600,0
30247200,0
30250800,0
30254400,0
30258000,0
30261600,0
30265200,0
30268800,0
30272400,0
30276000,0
30279600,0
30283200,0
30286800,0
30290400,0
30294000,0
30297600,0
30301200,0
30304800,0
30308400,0
30312000,0
30315600,0
30319200,0
30322800,0
30326400,0
30330000,0
30333600,0
30337200,0
30340800,0
30344400,0
30348000,0
30351600,0
30355200,0
30358800,0
30362400,0
30366000,0
30369600,0
30373200,0
30376800,0
30380400,0
30384000,0
30387600,0
30391200,0
30394800,0
30398400,0
30402000,0
30405600,0
30409200,0
30412800,0
30416400,0
30420000,0
30423600,0
30427200,0
30430800,0
30434400,0
30438000,0
30441600,0
30445200,0
30448800,0
30452400,0
30456000,0
30459600,0
30463200,0
30466800,0
30470400,0
30474000,0
30477600,0
30481200,0
30484800,0
30488400,0
30492000,0
30495600,0
30499200,0
30502800,0
30506400,0
30510000,0
30513600,0
30517200,0
30520800,0
30524400,0
30528000,0
30531600,0
30535200,0
30538800,0
30542400,0
30546000,0
30549600,0
30553200,0
30556800,0
30560400,0
30564000,0
30567600,0
30571200,0
30574800,0
30578400,0
30582000,0
30585600,0
30589200,0
30592800,0
30596400,1
30600000,1
30603600,1
30607200,1
30610800,1
30614400,1
30618000,1
30621600,1
30625200,1
30628800,1
30632400,1
30636000,1
30639600,1
30643200,1
30646800,1
30650400,1
30654000,1
30657600,1
30661200,1
30664800,1
30668400,1
30672000,1
30675600,1
30679200,1
30682800,1
30686400,1
30690000,1
30693600,1
30697200,1
30700800,1
30704400,1
30708000,1
30711600,1
30715200,1
30718800,1
30722400,1
30726000,1
30729600,1
30733200,1
30736800,1
30740400,1
30744000,1
30747600,1
30751200,1
30754800,1
30758400,1
30762000,1
30765600,1
30769200,1
30772800,1
30776400,1
30780000,1
30783600,1
30787200,1
30790800,1
30794400,1
30798000,1
30801600,1
30805200,1
30808800,1
30812400,1
30816000,1
30819600,1
30823200,1
30826800,1
30830400,1
30834000,1
30837600,1
30841200,1
30844800,1
30848400,1
30852000,1
30855600,1
30859200,1
30862800,1
30866400,1
30870000,1
30873600,1
30877200,1
30880800,1
30884400,1
30888000,1
30891600,1
30895200,1
30898800,1
30902400,1
30906000,1
30909600,1
30913200,1
30916800,1
30920400,1
30924000,1
30927600,1
30931200,1
30934800,1
30938400,1
30942000,1
30945600,1
30949200,1
30952800,1
30956400,1
30960000,1
30963600,1
30967200,1
30970800,1
30974400,1
30978000,1
30981600,1
30985200,1
30988800,1
30992400,1
30996000,1
30999600,1
31003200,1
31006800,1
31010400,1
31014000,1
31017600,1
31021200,1
31024800,1
31028400,1
31032000,1
31035600,1
31039200,1
31042800,1
31046400,1
31050000,1
31053600,1
31057200,1
31060800,1
31064400,1
31068000,1
31071600,1
31075200,1
31078800,1
31082400,1
31086000,1
31089600,1
31093200,1
31096800,1
31100400,1
31104000,1
31107600,1
31111200,1
31114800,1
31118400,1
31122000,1
31125600,1
31129200,1
31132800,1
31136400,1
31140000,1
31143600,1
31147200,1
31150800,1
31154400,1
31158000,1
31161600,1
31165200,1
31168800,1
31172400,1
31176000,1
31179600,1
31183200,1
31186800,1
31190400,1
31194000,1
31197600,1
31201200,1
31204800,1
31208400,1
31212000,1
31215600,1
31219200,1
31222800,1
31226400,1
31230000,0
31233600,0
31237200,0
31240800,0
31244400,0
31248000,0
31251600,0
31255200,0
31258800,0
31262400,0
31266000,0
31269600,0
31273200,0
31276800,0
31280400,0
31284000,0
31287600,0
31291200,0
31294800,0
31298400,0
31302000,0
31305600,0
31309200,0
31312800,0
31316400,0
31320000,0
31323600,0
31327200,0
31330800,0
31334400,0
31338000,0
31341600,0
31345200,0
31348800,0
31352400,0
31356000,0
31359600,0
31363200,0
31366800,0
31370400,0
31374000,0
31377600,0
31381200,0
31384800,0
31388400,0
31392000,0
31395600,0
31399200,0
31402800,0
31406400,0
31410000,0
31413600,0
31417200,0
31420800,0
31424400,0
31428000,0
31431600,0
31435200,0
31438800,0
31442400,0
31446000,0
31449600,0
31453200,0
31456800,0
31460400,0
31464000,0
31467600,0
31471200,0
31474800,0
31478400,0
31482000,0
31485600,0
31489200,0
31492800,0
31496400,0
31500000,0
31503600,0
31507200,0
31510800,0
31514400,0
31518000,0
31521600,0
31525200,0
31528800,0
31532400,0
31536000,0
31539600,0
31543200,0
31546800,0
31550400,0
31554000,0
31557600,0
31561200,0
31564800,0
31568400,0
31572000,0
31575600,0
31579200,0
31582800,0
31586400,0
31590000,0
31593600,0
31597200,0
31600800,0
31604400,0
31608000,0
31611600,0
31615200,0
31618800,0
31622400,0
31626000,0
31629600,0
31633200,0
31636800,0
31640400,0
31644000,0
31647600,0
31651200,0
31654800,0
31658400,0
31662000,0
31665600,0
31669200,0
31672800,0
31676400,0
31680000,0
31683600,0
31687200,0
31690800,0
31694400,0
31698000,0
31701600,0
31705200,0
31708800,0
31712400,0
31716000,0
31719600,0
31723200,0
31726800,0
31730400,0
31734000,0
31737600,0
31741200,0
31744800,0
31748400,0
31752000,0
31755600,0
31759200,0
31762800,0
31766400,0
31770000,0
31773600,0
31777200,0
31780800,0
31784400,0
31788000,0
31791600,0
31795200,0
31798800,0
31802400,0
31806000,0
31809600,0
31813200,0
31816800,0
31820400,0
31824000,0
31827600,0
31831200,0
31834800,0
31838400,0
31842000,0
31845600,0
31849200,0
31852800,0
31856400,0
31860000,0
31863600,0
31867200,0
31870800,0
31874400,0
31878000,0
31881600,0
31885200,0
31888800,0
31892400,0
31896000,0
31899600,0
31903200,0
31906800,0
31910400,0
31914000,0
31917600,0
31921200,0
31924800,0
31928400,0
31932000,0
31935600,0
31939200,0
31942800,0
31946400,0
31950000,0
31953600,0
31957200,0
31960800,0
31964400,0
31968000,0
31971600,0
31975200,0
31978800,0
31982400,0
31986000,0
31989600,0
31993200,0
31996800,0
32000400,0
32004000,0
32007600,0
32011200,0
32014800,0
32018400,0
32022000,0
32025600,0
32029200,0
32032800,0
32036400,1
32040000,1
32043600,1
32047200,1
32050800,1
32054400,1
32058000,1
32061600,1
32065200,1
32068800,1
32072400,1
32076000,1
32079600,1
32083200,1
32086800,1
32090400,1
32094000,1
32097600,1
32101200,1
32104800,1
32108400,1
32112000,1
32115600,1
32119200,1
32122800,1
32126400,1
32130000,1
32133600,1
32137200,1
32140800,1
32144400,1
32148000,1
32151600,1
32155200,1
32158800,1
32162400,1
32166000,1
32169600,1
32173200,1
32176800,1
32180400,1
32184000,1
32187600,1
32191200,1
32194800,1
32198400,1
32202000,1
32205600,1
32209200,1
32212800,1
32216400,1
32220000,1
32223600,1
32227200,1
32230800,1
32234400,1
32238000,1
32241600,1
32245200,1
32248800,1
32252400,1
32256000,1
32259600,1
32263200,1
32266800,1
32270400,1
32274000,1
32277600,1
32281200,1
32284800,1
32288400,1
32292000,1
32295600,1
32299200,1
32302800,1
32306400,1
32310000,1
32313600,1
32317200,1
32320800,1
32324400,1
32328000,1
32331600,1
32335200,1
32338800,1
32342400,1
32346000,1
32349600,1
32353200,1
32356800,1
32360400,1
32364000,1
32367600,1
32371200,1
32374800,1
32378400,1
32382000,1
32385600,1
32389200,1
32392800,1
32396400,1
32400000,1
32403600,1
32407200,1
32410800,1
32414400,1
32418000,1
32421600,1
32425200,1
32428800,1
32432400,1
32436000,1
32439600,1
32443200,1
32446800,1
32450400,1
32454000,1
32457600,1
32461200,1
32464800,1
32468400,1
32472000,1
32475600,1
32479200,1
32482800,1
32486400,1
32490000,1
32493600,1
32497200,1
32500800,1
32504400,1
32508000,1
32511600,1
32515200,1
32518800,1
32522400,1
32526000,1
32529600,1
32533200,1
32536800,1
32540400,1
32544000,1
32547600,1
32551200,1
32554800,1
32558400,1
32562000,1
32565600,1
32569200,1
32572800,1
32576400,1
32580000,1
32583600,1
32587200,1
32590800,1
32594400,1
32598000,1
32601600,1
32605200,1
32608800,1
32612400,1
32616000,1
32619600,1
32623200,1
32626800,1
32630400,1
32634000,1
32637600,1
32641200,1
32644800,1
32648400,1
32652000,1
32655600,1
32659200,1
32662800,1
32666400,1
32670000,1
32673600,1
32677200,0
32680800,0
32684400,0
32688000,0
32691600,0
32695200,0
32698800,0
32702400,0
32706000,0
32709600,0
32713200,0
32716800,0
32720400,0
32724000,0
32727600,0
32731200,0
32734800,0
32738400,0
32742000,0
32745600,0
32749200,0
32752800,0
32756400,0
32760000,0
32763600,0
32767200,0
32770800,0
32774400,0
32778000,0
32781600,0
32785200,0
32788800,0
32792400,0
32796000,0
32799600,0
32803200,0
32806800,0
32810400,0
32814000,0
32817600,0
32821200,0
32824800,0
32828400,0
32832000,0
32835600,0
32839200,0
32842800,0
32846400,0
32850000,0
32853600,0
32857200,0
32860800,0
32864400,0
32868000,0
32871600,0
32875200,0
32878800,0
32882400,0
32886000,0
32889600,0
32893200,0
32896800,0
32900400,0
32904000,0
32907600,0
32911200,0
32914800,0
32918400,0
32922000,0
32925600,0
32929200,0
32932800,0
32936400,0
32940000,0
32943600,0
32947200,0
32950800,0
32954400,0
32958000,0
32961600,0
32965200,0
32968800,0
32972400,0
32976000,0
32979600,0
32983200,0
32986800,0
32990400,0
32994000,0
32997600,0
33001200,0
33004800,0
33008400,0
33012000,0
33015600,0
33019200,0
33022800,0
33026400,0
33030000,0
33033600,0
33037200,0
33040800,0
33044400,0
33048000,0
33051600,0
33055200,0
33058800,0
33062400,0
33066000,0
33069600,0
33073200,0
33076800,0
33080400,0
33084000,0
33087600,0
33091200,0
33094800,0
33098400,0
33102000,0
33105600,0
33109200,0
33112800,0
33116400,0
33120000,0
33123600,0
33127200,0
33130800,0
33134400,0
33138000,0
33141600,0
33145200,0
33148800,0
33152400,0
33156000,0
33159600,0
33163200,0
33166800,0
33170400,0
33174000,0
33177600,0
33181200,0
33184800,0
33188400,0
33192000,0
33195600,0
33199200,0
33202800,0
33206400,0
33210000,0
33213600,0
33217200,0
33220800,0
33224400,0
33228000,0
33231600,0
33235200,0
33238800,0
33242400,0
33246000,0
33249600,0
33253200,0
33256800,0
33260400,0
33264000,0
33267600,0
33271200,0
33274800,0
33278400,0
33282000,0
33285600,0
33289200,0
33292800,0
33296400,0
33300000,0
33303600,0
33307200,0
33310800,0
33314400,0
33318000,0
33321600,0
33325200,0
33328800,0
33332400,0
33336000,0
33339600,0
33343200,0
33346800,0
33350400,0
33354000,0
33357600,0
33361200,0
33364800,0
33368400,0
33372000,0
33375600,0
33379200,0
33382800,0
33386400,0
33390000,0
33393600,0
33397200,0
33400800,0
33404400,0
33408000,0
33411600,0
33415200,0
33418800,0
33422400,0
33426000,0
33429600,0
33433200,1
33436800,1
33440400,1
33444000,1
33447600,1
33451200,1
33454800,1
33458400,1
33462000,1
33465600,1
33469200,1
33472800,1
33476400,1
33480000,1
33483600,1
33487200,1
33490800,1
33494400,1
33498000,1
33501600,1
33505200,1
33508800,1
33512400,1
33516000,1
33519600,1
33523200,1
33526800,1
33530400,1
33534000,1
33537600,1
33541200,1
33544800,1
33548400,1
33552000,1
33555600,1
33559200,1
33562800,1
33566400,1
33570000,1
33573600,1
33577200,1
33580800,1
33584400,1
33588000,1
33591600,1
33595200,1
33598800,1
33602400,1
33606000,1
33609600,1
33613200,1
33616800,1
33620400,1
33624000,1
33627600,1
33631200,1
33634800,1
33638400,1
33642000,1
33645600,1
33649200,1
33652800,1
33656400,1
33660000,1
33663600,1
33667200,1
33670800,1
33674400,1
33678000,1
33681600,1
33685200,1
33688800,1
33692400,1
33696000,1
33699600,1
33703200,1
33706800,1
33710400,1
33714000,1
33717600,1
33721200,1
33724800,1
33728400,1
33732000,1
33735600,1
33739200,1
33742800,1
33746400,1
33750000,1
33753600,1
33757200,1
33760800,1
33764400,1
33768000,1
33771600,1
33775200,1
33778800,1
33782400,1
33786000,1
33789600,1
33793200,1
33796800,1
33800400,1
33804000,1
33807600,1
33811200,1
33814800,1
33818400,1
33822000,1
33825600,1
33829200,1
33832800,1
33836400,1
33840000,1
33843600,1
33847200,1
33850800,1
33854400,1
33858000,1
33861600,1
33865200,1
33868800,1
33872400,1
33876000,1
33879600,1
33883200,1
33886800,1
33890400,1
33894000,1
33897600,1
33901200,1
33904800,1
33908400,1
33912000,1
33915600,1
33919200,1
33922800,1
33926400,1
33930000,1
33933600,1
33937200,1
33940800,1
33944400,1
33948000,1
33951600,1
33955200,1
33958800,1
33962400,1
33966000,1
33969600,1
33973200,1
33976800,1
33980400,1
33984000,1
33987600,1
33991200,1
33994800,1
33998400,1
34002000,1
34005600,1
34009200,1
34012800,1
34016400,1
34020000,1
34023600,1
34027200,1
34030800,1
34034400,1
34038000,1
34041600,1
34045200,1
34048800,1
34052400,1
34056000,1
34059600,1
34063200,1
34066800,1
34070400,1
34074000,1
34077600,0
34081200,0
34084800,0
34088400,0
34092000,0
34095600,0
34099200,0
34102800,0
34106400,0
34110000,0
34113600,0
34117200,0
34120800,0
34124400,0
34128000,0
34131600,0
34135200,0
34138800,0
34142400,0
34146000,0
34149600,0
34153200,0
34156800,0
34160400,0
34164000,0
34167600,0
34171200,0
34174800,0
34178400,0
34182000,0
34185600,0
34189200,0
34192800,0
34196400,0
34200000,0
34203600,0
34207200,0
34210800,0
34214400,0
34218000,0
34221600,0
34225200,0
34228800,0
34232400,0
34236000,0
34239600,0
34243200,0
34246800,0
34250400,0
34254000,0
34257600,0
34261200,0
34264800,0
34268400,0
34272000,0
34275600,0
34279200,0
34282800,0
34286400,0
34290000,0
34293600,0
34297200,0
34300800,0
34304400,0
34308000,0
34311600,0
34315200,0
34318800,0
34322400,0
34326000,0
34329600,0
34333200,0
34336800,0
34340400,0
34344000,0
34347600,0
34351200,0
34354800,0
34358400,0
34362000,0
34365600,0
34369200,0
34372800,0
34376400,0
34380000,0
34383600,0
34387200,0
34390800,0
34394400,0
34398000,0
34401600,0
34405200,0
34408800,0
34412400,0
34416000,0
34419600,0
34423200,0
34426800,0
34430400,0
34434000,0
34437600,0
34441200,0
34444800,0
34448400,0
34452000,0
34455600,0
34459200,0
34462800,0
34466400,0
34470000,0
34473600,0
34477200,0
34480800,0
34484400,0
34488000,0
34491600,0
34495200,0
34498800,0
34502400,0
34506000,0
34509600,0
34513200,0
34516800,0
34520400,0
34524000,0
34527600,0
34531200,0
34534800,0
34538400,0
34542000,0
34545600,0
34549200,0
34552800,0
34556400,0
34560000,0
34563600,0
34567200,0
34570800,0
34574400,0
34578000,0
34581600,0
34585200,0
34588800,0
34592400,0
34596000,0
34599600,0
34603200,0
34606800,0
34610400,0
34614000,0
34617600,0
34621200,0
34624800,0
34628400,0
34632000,0
34635600,0
34639200,0
34642800,0
34646400,0
34650000,0
34653600,0
34657200,0
34660800,0
34664400,0
34668000,0
34671600,0
34675200,0
34678800,0
34682400,0
34686000,0
34689600,0
34693200,0
34696800,0
34700400,0
34704000,0
34707600,0
34711200,0
34714800,0
34718400,0
34722000,0
34725600,0
34729200,0
34732800,0
34736400,0
34740000,0
34743600,0
34747200,0
34750800,0
34754400,0
34758000,0
34761600,0
34765200,0
34768800,0
34772400,0
34776000,0
34779600,0
34783200,0
34786800,0
34790400,0
34794000,0
34797600,0
34801200,0
34804800,0
34808400,0
34812000,0
34815600,0
34819200,0
34822800,0
34826400,0
34830000,0
34833600,0
34837200,0
34840800,0
34844400,0
34848000,0
34851600,0
34855200,0
34858800,0
34862400,0
34866000,0
34869600,0
34873200,0
34876800,0
34880400,0
34884000,0
34887600,0
34891200,0
34894800,0
34898400,0
34902000,0
34905600,0
34909200,0
34912800,0
34916400,0
34920000,0
34923600,0
34927200,0
34930800,0
34934400,0
34938000,0
34941600,0
34945200,0
34948800,0
34952400,0
34956000,0
34959600,0
34963200,0
34966800,0
34970400,0
34974000,0
34977600,0
34981200,0
34984800,0
34988400,0
34992000,0
34995600,0
34999200,0
35002800,0
35006400,0
35010000,0
35013600,0
35017200,0
35020800,0
35024400,0
35028000,0
35031600,0
35035200,0
35038800,0
35042400,0
35046000,0
35049600,0
35053200,0
35056800,0
35060400,0
35064000,0
35067600,0
35071200,0
35074800,0
35078400,0
35082000,0
35085600,0
35089200,0
35092800,0
35096400,0
35100000,0
35103600,0
35107200,0
35110800,0
35114400,0
35118000,0
35121600,0
35125200,0
35128800,0
35132400,0
35136000,0
35139600,0
35143200,0
35146800,0
35150400,0
35154000,0
35157600,0
35161200,0
35164800,0
35168400,0
35172000,0
35175600,0
35179200,0
35182800,0
35186400,0
35190000,0
35193600,0
35197200,0
35200800,0
35204400,0
35208000,0
35211600,0
35215200,0
35218800,0
35222400,0
35226000,0
35229600,0
35233200,0
35236800,1
35240400,1
35244000,1
35247600,1
35251200,1
35254800,1
35258400,1
35262000,1
35265600,1
35269200,1
35272800,1
35276400,1
35280000,1
35283600,1
35287200,1
35290800,1
35294400,1
35298000,1
35301600,1
35305200,1
35308800,1
35312400,1
35316000,1
35319600,1
35323200,1
35326800,1
35330400,1
35334000,1
35337600,1
35341200,1
35344800,1
35348400,1
35352000,1
35355600,1
35359200,1
35362800,1
35366400,1
35370000,1
35373600,1
35377200,1
35380800,1
35384400,1
35388000,1
35391600,1
35395200,1
35398800,1
35402400,1
35406000,1
35409600,1
35413200,1
35416800,1
35420400,1
35424000,1
35427600,1
35431200,1
35434800,1
35438400,1
35442000,1
35445600,1
35449200,1
35452800,1
35456400,1
35460000,1
35463600,1
35467200,1
35470800,1
35474400,1
35478000,1
35481600,1
35485200,1
35488800,1
35492400,1
35496000,1
35499600,1
35503200,1
35506800,1
35510400,1
35514000,1
35517600,1
35521200,1
35524800,1
35528400,1
35532000,1
35535600,1
35539200,1
35542800,1
35546400,1
35550000,1
35553600,1
35557200,1
35560800,1
35564400,1
35568000,1
35571600,1
35575200,1
35578800,1
35582400,1
35586000,1
35589600,1
35593200,1
35596800,1
35600400,1
35604000,1
35607600,1
35611200,1
35614800,1
35618400,1
35622000,1
35625600,1
35629200,1
35632800,1
35636400,1
35640000,1
35643600,1
35647200,1
35650800,1
35654400,1
35658000,1
35661600,1
35665200,1
35668800,1
35672400,1
35676000,1
35679600,1
35683200,1
35686800,1
35690400,1
35694000,1
35697600,1
35701200,1
35704800,1
35708400,1
35712000,1
35715600,1
35719200,1
35722800,1
35726400,1
35730000,1
35733600,1
35737200,1
35740800,1
35744400,1
35748000,1
35751600,1
35755200,1
35758800,1
35762400,1
35766000,1
35769600,1
35773200,1
35776800,1
35780400,1
35784000,1
35787600,1
35791200,1
35794800,1
35798400,1
35802000,1
35805600,0
35809200,0
35812800,0
35816400,0
35820000,0
35823600,0
35827200,0
35830800,0
35834400,0
35838000,0
35841600,0
35845200,0
35848800,0
35852400,0
35856000,0
35859600,0
35863200,0
35866800,0
35870400,0
35874000,0
35877600,0
35881200,0
35884800,0
35888400,0
35892000,0
35895600,0
35899200,0
35902800,0
35906400,0
35910000,0
35913600,0
35917200,0
35920800,0
35924400,0
35928000,0
35931600,0
35935200,0
35938800,0
35942400,0
35946000,0
35949600,0
35953200,0
35956800,0
35960400,0
35964000,0
35967600,0
35971200,0
35974800,0
35978400,0
35982000,0
35985600,0
35989200,0
35992800,0
35996400,0
36000000,0
36003600,0
36007200,0
36010800,0
36014400,0
36018000,0
36021600,0
36025200,0
36028800,0
36032400,0
36036000,0
36039600,0
36043200,0
36046800,0
36050400,0
36054000,0
36057600,0
36061200,0
36064800,0
36068400,0
36072000,0
36075600,0
36079200,0
36082800,0
36086400,0
36090000,0
36093600,0
36097200,0
36100800,0
36104400,0
36108000,0
36111600,0
36115200,0
36118800,0
36122400,0
36126000,0
36129600,0
36133200,0
36136800,0
36140400,0
36144000,0
36147600,0
36151200,0
36154800,0
36158400,0
36162000,0
36165600,0
36169200,0
36172800,0
36176400,0
36180000,0
36183600,0
36187200,0
36190800,0
36194400,0
36198000,0
36201600,0
36205200,0
36208800,0
36212400,0
36216000,0
36219600,0
36223200,0
36226800,0
36230400,0
36234000,0
36237600,0
36241200,0
36244800,0
36248400,0
36252000,0
36255600,0
36259200,0
36262800,0
36266400,0
36270000,0
36273600,0
36277200,0
36280800,0
36284400,0
36288000,0
36291600,0
36295200,0
36298800,0
36302400,0
36306000,0
36309600,0
36313200,0
36316800,0
36320400,0
36324000,0
36327600,0
36331200,0
36334800,0
36338400,0
36342000,0
36345600,0
36349200,0
36352800,0
36356400,0
36360000,0
36363600,0
36367200,0
36370800,0
36374400,0
36378000,0
36381600,0
36385200,0
36388800,0
36392400,0
36396000,0
36399600,0
36403200,0
36406800,0
36410400,0
36414000,0
36417600,0
36421200,0
36424800,0
36428400,0
36432000,0
36435600,0
36439200,0
36442800,0
36446400,0
36450000,0
36453600,0
36457200,0
36460800,0
36464400,0
36468000,0
36471600,0
36475200,0
36478800,0
36482400,0
36486000,0
36489600,0
36493200,0
36496800,0
36500400,0
36504000,0
36507600,0
36511200,0
36514800,0
36518400,0
36522000,0
36525600,0
36529200,0
36532800,0
36536400,0
36540000,0
36543600,0
36547200,0
36550800,0
36554400,0
36558000,0
36561600,0
36565200,0
36568800,0
36572400,0
36576000,0
36579600,0
36583200,0
36586800,0
36590400,0
36594000,0
36597600,0
36601200,0
36604800,0
36608400,0
36612000,0
36615600,0
36619200,0
36622800,0
36626400,0
36630000,0
36633600,0
36637200,0
36640800,0
36644400,0
36648000,0
36651600,0
36655200,0
36658800,0
36662400,0
36666000,0
36669600,0
36673200,0
36676800,0
36680400,0
36684000,0
36687600,0
36691200,0
36694800,0
36698400,0
36702000,0
36705600,0
36709200,0
36712800,0
36716400,0
36720000,0
36723600,0
36727200,0
36730800,0
36734400,0
36738000,0
36741600,0
36745200,0
36748800,0
36752400,0
36756000,0
36759600,0
36763200,0
36766800,0
36770400,0
36774000,0
36777600,0
36781200,0
36784800,0
36788400,0
36792000,0
36795600,0
36799200,0
36802800,1
36806400,1
36810000,1
36813600,1
36817200,1
36820800,1
36824400,1
36828000,1
36831600,1
36835200,1
36838800,1
36842400,1
36846000,1
36849600,1
36853200,1
36856800,1
36860400,1
36864000,1
36867600,1
36871200,1
36874800,1
36878400,1
36882000,1
36885600,1
36889200,1
36892800,1
36896400,1
36900000,1
36903600,1
36907200,1
36910800,1
36914400,1
36918000,1
36921600,1
36925200,1
36928800,1
36932400,1
36936000,1
36939600,1
36943200,1
36946800,1
36950400,1
36954000,1
36957600,1
36961200,1
36964800,1
36968400,1
36972000,1
36975600,1
36979200,1
36982800,1
36986400,1
36990000,1
36993600,1
36997200,1
37000800,1
37004400,1
37008000,1
37011600,1
37015200,1
37018800,1
37022400,1
37026000,1
37029600,1
37033200,1
37036800,1
37040400,1
37044000,1
37047600,1
37051200,1
37054800,1
37058400,1
37062000,1
37065600,1
37069200,1
37072800,1
37076400,1
37080000,1
37083600,1
37087200,1
37090800,1
37094400,1
37098000,1
37101600,1
37105200,1
37108800,1
37112400,1
37116000,1
37119600,1
37123200,1
37126800,1
37130400,1
37134000,1
37137600,1
37141200,1
37144800,1
37148400,1
37152000,1
37155600,1
37159200,1
37162800,1
37166400,1
37170000,1
37173600,1
37177200,1
37180800,1
37184400,1
37188000,1
37191600,1
37195200,1
37198800,1
37202400,1
37206000,1
37209600,1
37213200,1
37216800,1
37220400,1
37224000,1
37227600,1
37231200,1
37234800,1
37238400,1
37242000,1
37245600,1
37249200,1
37252800,1
37256400,1
37260000,1
37263600,1
37267200,1
37270800,1
37274400,1
37278000,1
37281600,1
37285200,1
37288800,1
37292400,1
37296000,1
37299600,1
37303200,1
37306800,1
37310400,1
37314000,1
37317600,1
37321200,1
37324800,1
37328400,1
37332000,1
37335600,1
37339200,1
37342800,1
37346400,1
37350000,1
37353600,1
37357200,1
37360800,1
37364400,1
37368000,1
37371600,1
37375200,1
37378800,1
37382400,1
37386000,1
37389600,1
37393200,1
37396800,1
37400400,1
37404000,1
37407600,1
37411200,1
37414800,1
37418400,1
37422000,1
37425600,1
37429200,0
37432800,0
37436400,0
37440000,0
37443600,0
37447200,0
37450800,0
37454400,0
37458000,0
37461600,0
37465200,0
37468800,0
37472400,0
37476000,0
37479600,0
37483200,0
37486800,0
37490400,0
37494000,0
37497600,0
37501200,0
37504800,0
37508400,0
37512000,0
37515600,0
37519200,0
37522800,0
37526400,0
37530000,0
37533600,0
37537200,0
37540800,0
37544400,0
37548000,0
37551600,0
37555200,0
37558800,0
37562400,0
37566000,0
37569600,0
37573200,0
37576800,0
37580400,0
37584000,0
37587600,0
37591200,0
37594800,0
37598400,0
37602000,0
37605600,0
37609200,0
37612800,0
37616400,0
37620000,0
37623600,0
37627200,0
37630800,0
37634400,0
37638000,0
37641600,0
37645200,0
37648800,0
37652400,0
37656000,0
37659600,0
37663200,0
37666800,0
37670400,0
37674000,0
37677600,0
37681200,0
37684800,0
37688400,0
37692000,0
37695600,0
37699200,0
37702800,0
37706400,0
37710000,0
37713600,0
37717200,0
37720800,0
37724400,0
37728000,0
37731600,0
37735200,0
37738800,0
37742400,0
37746000,0
37749600,0
37753200,0
37756800,0
37760400,0
37764000,0
37767600,0
37771200,0
37774800,0
37778400,0
37782000,0
37785600,0
37789200,0
37792800,0
37796400,0
37800000,0
37803600,0
37807200,0
37810800,0
37814400,0
37818000,0
37821600,0
37825200,0
37828800,0
37832400,0
37836000,0
37839600,0
37843200,0
37846800,0
37850400,0
37854000,0
37857600,0
37861200,0
37864800,0
37868400,0
37872000,0
37875600,0
37879200,0
37882800,0
37886400,0
37890000,0
37893600,0
37897200,0
37900800,0
37904400,0
37908000,0
37911600,0
37915200,0
37918800,0
37922400,0
37926000,0
37929600,0
37933200,0
37936800,0
37940400,0
37944000,0
37947600,0
37951200,0
37954800,0
37958400,0
37962000,0
37965600,0
37969200,0
37972800,0
37976400,0
37980000,0
37983600,0
37987200,0
37990800,0
37994400,0
37998000,0
38001600,0
38005200,0
38008800,0
38012400,0
38016000,0
38019600,0
38023200,0
38026800,0
38030400,0
38034000,0
38037600,0
38041200,0
38044800,0
38048400,0
38052000,0
38055600,0
38059200,0
38062800,0
38066400,0
38070000,0
38073600,0
38077200,0
38080800,0
38084400,0
38088000,0
38091600,0
38095200,0
38098800,0
38102400,0
38106000,0
38109600,0
38113200,0
38116800,0
38120400,0
38124000,0
38127600,0
38131200,0
38134800,0
38138400,0
38142000,0
38145600,0
38149200,0
38152800,0
38156400,0
38160000,0
38163600,0
38167200,0
38170800,0
38174400,0
38178000,0
38181600,0
38185200,0
38188800,0
38192400,0
38196000,0
38199600,0
38203200,0
38206800,0
38210400,1
38214000,1
38217600,1
38221200,1
38224800,1
38228400,1
38232000,1
38235600,1
38239200,1
38242800,1
38246400,1
38250000,1
38253600,1
38257200,1
38260800,1
38264400,1
38268000,1
38271600,1
38275200,1
38278800,1
38282400,1
38286000,1
38289600,1
38293200,1
38296800,1
38300400,1
38304000,1
38307600,1
38311200,1
38314800,1
38318400,1
38322000,1
38325600,1
38329200,1
38332800,1
38336400,1
38340000,1
38343600,1
38347200,1
38350800,1
38354400,1
38358000,1
38361600,1
38365200,1
38368800,1
38372400,1
38376000,1
38379600,1
38383200,1
38386800,1
38390400,1
38394000,1
38397600,1
38401200,1
38404800,1
38408400,1
38412000,1
38415600,1
38419200,1
38422800,1
38426400,1
38430000,1
38433600,1
38437200,1
38440800,1
38444400,1
38448000,1
38451600,1
38455200,1
38458800,1
38462400,1
38466000,1
38469600,1
38473200,1
38476800,1
38480400,1
38484000,1
38487600,1
38491200,1
38494800,1
38498400,1
38502000,1
38505600,1
38509200,1
38512800,1
38516400,1
38520000,1
38523600,1
38527200,1
38530800,1
38534400,1
38538000,1
38541600,1
38545200,1
38548800,1
38552400,1
38556000,1
38559600,1
38563200,1
38566800,1
38570400,1
38574000,1
38577600,1
38581200,1
38584800,1
38588400,1
38592000,1
38595600,1
38599200,1
38602800,1
38606400,1
38610000,1
38613600,1
38617200,1
38620800,1
38624400,1
38628000,1
38631600,1
38635200,1
38638800,1
38642400,1
38646000,1
38649600,1
38653200,1
38656800,1
38660400,1
38664000,1
38667600,1
38671200,1
38674800,1
38678400,1
38682000,1
38685600,1
38689200,1
38692800,1
38696400,1
38700000,1
38703600,1
38707200,1
38710800,1
38714400,1
38718000,1
38721600,1
38725200,1
38728800,1
38732400,1
38736000,1
38739600,1
38743200,1
38746800,1
38750400,1
38754000,1
38757600,1
38761200,1
38764800,1
38768400,1
38772000,1
38775600,1
38779200,1
38782800,1
38786400,1
38790000,1
38793600,1
38797200,1
38800800,1
38804400,0
38808000,0
38811600,0
38815200,0
38818800,0
38822400,0
38826000,0
38829600,0
38833200,0
38836800,0
38840400,0
38844000,0
38847600,0
38851200,0
38854800,0
38858400,0
38862000,0
38865600,0
38869200,0
38872800,0
38876400,0
38880000,0
38883600,0
38887200,0
38890800,0
38894400,0
38898000,0
38901600,0
38905200,0
38908800,0
38912400,0
38916000,0
38919600,0
38923200,0
38926800,0
38930400,0
38934000,0
38937600,0
38941200,0
38944800,0
38948400,0
38952000,0
38955600,0
38959200,0
38962800,0
38966400,0
38970000,0
38973600,0
38977200,0
38980800,0
38984400,0
38988000,0
38991600,0
38995200,0
38998800,0
39002400,0
39006000,0
39009600,0
39013200,0
39016800,0
39020400,0
39024000,0
39027600,0
39031200,0
39034800,0
39038400,0
39042000,0
39045600,0
39049200,0
39052800,0
39056400,0
39060000,0
39063600,0
39067200,0
39070800,0
39074400,0
39078000,0
39081600,0
39085200,0
39088800,0
39092400,0
39096000,0
39099600,0
39103200,0
39106800,0
39110400,0
39114000,0
39117600,0
39121200,0
39124800,0
39128400,0
39132000,0
39135600,0
39139200,0
39142800,0
39146400,0
39150000,0
39153600,0
39157200,0
39160800,0
39164400,0
39168000,0
39171600,0
39175200,0
39178800,0
39182400,0
39186000,0
39189600,0
39193200,0
39196800,0
39200400,0
39204000,0
39207600,0
39211200,0
39214800,0
39218400,0
39222000,0
39225600,0
39229200,0
39232800,0
39236400,0
39240000,0
39243600,0
39247200,0
39250800,0
39254400,0
39258000,0
39261600,0
39265200,0
39268800,0
39272400,0
39276000,0
39279600,0
39283200,0
39286800,0
39290400,0
39294000,0
39297600,0
39301200,0
39304800,0
39308400,0
39312000,0
39315600,0
39319200,0
39322800,0
39326400,0
39330000,0
39333600,0
39337200,0
39340800,0
39344400,0
39348000,0
39351600,0
39355200,0
39358800,0
39362400,0
39366000,0
39369600,0
39373200,0
39376800,0
39380400,0
39384000,0
39387600,0
39391200,0
39394800,0
39398400,0
39402000,0
39405600,0
39409200,0
39412800,0
39416400,0
39420000,0
39423600,0
39427200,0
39430800,0
39434400,0
39438000,0
39441600,0
39445200,0
39448800,0
39452400,0
39456000,0
39459600,0
39463200,0
39466800,0
39470400,0
39474000,0
39477600,0
39481200,0
39484800,0
39488400,0
39492000,0
39495600,0
39499200,0
39502800,0
39506400,0
39510000,0
39513600,0
39517200,0
39520800,0
39524400,0
39528000,0
39531600,0
39535200,0
39538800,0
39542400,0
39546000,0
39549600,0
39553200,0
39556800,0
39560400,0
39564000,0
39567600,0
39571200,0
39574800,0
39578400,0
39582000,0
39585600,0
39589200,0
39592800,0
39596400,0
39600000,0
39603600,0
39607200,0
39610800,0
39614400,0
39618000,0
39621600,0
39625200,0
39628800,1
39632400,1
39636000,1
39639600,1
39643200,1
39646800,1
39650400,1
39654000,1
39657600,1
39661200,1
39664800,1
39668400,1
39672000,1
39675600,1
39679200,1
39682800,1
39686400,1
39690000,1
39693600,1
39697200,1
39700800,1
39704400,1
39708000,1
39711600,1
39715200,1
39718800,1
39722400,1
39726000,1
39729600,1
39733200,1
39736800,1
39740400,1
39744000,1
39747600,1
39751200,1
39754800,1
39758400,1
39762000,1
39765600,1
39769200,1
39772800,1
39776400,1
39780000,1
39783600,1
39787200,1
39790800,1
39794400,1
39798000,1
39801600,1
39805200,1
39808800,1
39812400,1
39816000,1
39819600,1
39823200,1
39826800,1
39830400,1
39834000,1
39837600,1
39841200,1
39844800,1
39848400,1
39852000,1
39855600,1
39859200,1
39862800,1
39866400,1
39870000,1
39873600,1
39877200,1
39880800,1
39884400,1
39888000,1
39891600,1
39895200,1
39898800,1
39902400,1
39906000,1
39909600,1
39913200,1
39916800,1
39920400,1
39924000,1
39927600,1
39931200,1
39934800,1
39938400,1
39942000,1
39945600,1
39949200,1
39952800,1
39956400,1
39960000,1
39963600,1
39967200,1
39970800,1
39974400,1
39978000,1
39981600,1
39985200,1
39988800,1
39992400,1
39996000,1
39999600,1
40003200,1
40006800,1
40010400,1
40014000,1
40017600,1
40021200,1
40024800,1
40028400,1
40032000,1
40035600,1
40039200,1
40042800,1
40046400,1
40050000,1
40053600,1
40057200,1
40060800,1
40064400,1
40068000,1
40071600,1
40075200,1
40078800,1
40082400,1
40086000,1
40089600,1
40093200,1
40096800,1
40100400,1
40104000,1
40107600,1
40111200,1
40114800,1
40118400,1
40122000,1
40125600,1
40129200,1
40132800,1
40136400,1
40140000,1
40143600,1
40147200,1
40150800,1
40154400,1
40158000,1
40161600,1
40165200,1
40168800,1
40172400,1
40176000,1
40179600,1
40183200,1
40186800,1
40190400,1
40194000,1
40197600,1
40201200,1
40204800,1
40208400,1
40212000,1
40215600,1
40219200,1
40222800,1
40226400,1
40230000,1
40233600,1
40237200,0
40240800,0
40244400,0
40248000,0
40251600,0
40255200,0
40258800,0
40262400,0
40266000,0
40269600,0
40273200,0
40276800,0
40280400,0
40284000,0
40287600,0
40291200,0
40294800,0
40298400,0
40302000,0
40305600,0
40309200,0
40312800,0
40316400,0
40320000,0
40323600,0
40327200,0
40330800,0
40334400,0
40338000,0
40341600,0
40345200,0
40348800,0
40352400,0
40356000,0
40359600,0
40363200,0
40366800,0
40370400,0
40374000,0
40377600,0
40381200,0
40384800,0
40388400,0
40392000,0
40395600,0
40399200,0
40402800,0
40406400,0
40410000,0
40413600,0
40417200,0
40420800,0
40424400,0
40428000,0
40431600,0
40435200,0
40438800,0
40442400,0
40446000,0
40449600,0
40453200,0
40456800,0
40460400,0
40464000,0
40467600,0
40471200,0
40474800,0
40478400,0
40482000,0
40485600,0
40489200,0
40492800,0
40496400,0
40500000,0
40503600,0
40507200,0
40510800,0
40514400,0
40518000,0
40521600,0
40525200,0
40528800,0
40532400,0
40536000,0
40539600,0
40543200,0
40546800,0
40550400,0
40554000,0
40557600,0
40561200,0
40564800,0
40568400,0
40572000,0
40575600,0
40579200,0
40582800,0
40586400,0
40590000,0
40593600,0
40597200,0
40600800,0
40604400,0
40608000,0
40611600,0
40615200,0
40618800,0
40622400,0
40626000,0
40629600,0
40633200,0
40636800,0
40640400,0
40644000,0
40647600,0
40651200,0
40654800,0
40658400,0
40662000,0
40665600,0
40669200,0
40672800,0
40676400,0
40680000,0
40683600,0
40687200,0
40690800,0
40694400,0
40698000,0
40701600,0
40705200,0
40708800,0
40712400,0
40716000,0
40719600,0
40723200,0
40726800,0
40730400,0
40734000,0
40737600,0
40741200,0
40744800,0
40748400,0
40752000,0
40755600,0
40759200,0
40762800,0
40766400,0
40770000,0
40773600,0
40777200,0
40780800,0
40784400,0
40788000,0
40791600,0
40795200,0
40798800,0
40802400,0
40806000,0
40809600,0
40813200,0
40816800,0
40820400,0
40824000,0
40827600,0
40831200,0
40834800,0
40838400,0
40842000,0
40845600,0
40849200,0
40852800,0
40856400,0
40860000,0
40863600,0
40867200,0
40870800,0
40874400,0
40878000,0
40881600,0
40885200,0
40888800,0
40892400,0
40896000,0
40899600,0
40903200,0
40906800,0
40910400,0
40914000,0
40917600,0
40921200,0
40924800,0
40928400,0
40932000,0
40935600,0
40939200,0
40942800,0
40946400,0
40950000,0
40953600,0
40957200,0
40960800,1
40964400,1
40968000,1
40971600,1
40975200,1
40978800,1
40982400,1
40986000,1
40989600,1
40993200,1
40996800,1
41000400,1
41004000,1
41007600,1
41011200,1
41014800,1
41018400,1
41022000,1
41025600,1
41029200,1
41032800,1
41036400,1
41040000,1
41043600,1
41047200,1
41050800,1
41054400,1
41058000,1
41061600,1
41065200,1
41068800,1
41072400,1
41076000,1
41079600,1
41083200,1
41086800,1
41090400,1
41094000,1
41097600,1
41101200,1
41104800,1
41108400,1
41112000,1
41115600,1
41119200,1
41122800,1
41126400,1
41130000,1
41133600,1
41137200,1
41140800,1
41144400,1
41148000,1
41151600,1
41155200,1
41158800,1
41162400,1
41166000,1
41169600,1
41173200,1
41176800,1
41180400,1
41184000,1
41187600,1
41191200,1
41194800,1
41198400,1
41202000,1
41205600,1
41209200,1
41212800,1
41216400,1
41220000,1
41223600,1
41227200,1
41230800,1
41234400,1
41238000,1
41241600,1
41245200,0
41248800,0
41252400,0
41256000,0
41259600,0
41263200,0
41266800,0
41270400,0
41274000,0
41277600,0
41281200,0
41284800,0
41288400,0
41292000,0
41295600,0
41299200,0
41302800,0
41306400,0
41310000,0
41313600,0
41317200,0
41320800,0
41324400,0
41328000,0
41331600,0
41335200,0
41338800,0
41342400,0
41346000,0
41349600,0
41353200,0
41356800,0
41360400,0
41364000,0
41367600,0
41371200,0
41374800,0
41378400,0
41382000,0
41385600,0
41389200,0
41392800,0
41396400,0
41400000,0
41403600,0
41407200,0
41410800,0
41414400,0
41418000,0
41421600,0
41425200,0
41428800,0
41432400,0
41436000,0
41439600,0
41443200,0
41446800,0
41450400,0
41454000,0
41457600,0
41461200,0
41464800,0
41468400,0
41472000,0
41475600,0
41479200,0
41482800,0
41486400,0
41490000,0
41493600,0
41497200,0
41500800,0
41504400,0
41508000,0
41511600,0
41515200,0
41518800,0
41522400,0
41526000,0
41529600,0
41533200,0
41536800,0
41540400,0
41544000,0
41547600,0
41551200,0
41554800,0
41558400,0
41562000,0
41565600,0
41569200,0
41572800,0
41576400,0
41580000,0
41583600,0
41587200,0
41590800,0
41594400,0
41598000,0
41601600,0
41605200,0
41608800,0
41612400,0
41616000,0
41619600,0
41623200,0
41626800,0
41630400,0
41634000,0
41637600,0
41641200,0
41644800,0
41648400,0
41652000,0
41655600,0
41659200,0
41662800,0
41666400,0
41670000,0
41673600,0
41677200,0
41680800,0
41684400,0
41688000,0
41691600,0
41695200,0
41698800,0
41702400,0
41706000,0
41709600,0
41713200,0
41716800,0
41720400,0
41724000,0
41727600,0
41731200,0
41734800,0
41738400,0
41742000,0
41745600,0
41749200,0
41752800,0
41756400,0
41760000,0
41763600,0
41767200,0
41770800,0
41774400,0
41778000,0
41781600,0
41785200,0
41788800,0
41792400,0
41796000,0
41799600,0
41803200,0
41806800,0
41810400,0
41814000,0
41817600,0
41821200,0
41824800,0
41828400,0
41832000,0
41835600,0
41839200,0
41842800,0
41846400,0
41850000,0
41853600,0
41857200,0
41860800,0
41864400,0
41868000,0
41871600,0
41875200,0
41878800,0
41882400,0
41886000,0
41889600,0
41893200,0
41896800,0
41900400,0
41904000,0
41907600,0
41911200,0
41914800,0
41918400,0
41922000,0
41925600,0
41929200,0
41932800,0
41936400,0
41940000,0
41943600,0
41947200,0
41950800,0
41954400,0
41958000,0
41961600,0
41965200,0
41968800,0
41972400,0
41976000,0
41979600,0
41983200,0
41986800,0
41990400,0
41994000,0
41997600,0
42001200,0
42004800,0
42008400,0
42012000,0
42015600,0
42019200,0
42022800,0
42026400,0
42030000,0
42033600,0
42037200,0
42040800,0
42044400,0
42048000,0
42051600,0
42055200,0
42058800,0
42062400,0
42066000,0
42069600,0
42073200,0
42076800,0
42080400,0
42084000,0
42087600,0
42091200,0
42094800,0
42098400,0
42102000,0
42105600,0
42109200,0
42112800,0
42116400,0
42120000,0
42123600,0
42127200,0
42130800,0
42134400,0
42138000,0
42141600,0
42145200,0
42148800,0
42152400,0
42156000,0
42159600,0
42163200,0
42166800,0
42170400,0
42174000,0
42177600,0
42181200,0
42184800,0
42188400,0
42192000,0
42195600,0
42199200,0
42202800,0
42206400,0
42210000,0
42213600,0
42217200,0
42220800,0
42224400,0
42228000,0
42231600,0
42235200,0
42238800,0
42242400,0
42246000,0
42249600,0
42253200,0
42256800,0
42260400,0
42264000,0
42267600,0
42271200,0
42274800,0
42278400,0
42282000,0
42285600,0
42289200,0
42292800,0
42296400,0
42300000,0
42303600,0
42307200,0
42310800,0
42314400,0
42318000,0
42321600,0
42325200,0
42328800,0
42332400,0
42336000,0
42339600,0
42343200,0
42346800,0
42350400,0
42354000,0
42357600,0
42361200,0
42364800,0
42368400,0
42372000,0
42375600,0
42379200,0
42382800,0
42386400,0
42390000,0
42393600,0
42397200,0
42400800,0
42404400,0
42408000,0
42411600,0
42415200,0
42418800,0
42422400,0
42426000,0
42429600,0
42433200,0
42436800,0
42440400,0
42444000,0
42447600,0
42451200,0
42454800,0
42458400,0
42462000,0
42465600,0
42469200,0
42472800,0
42476400,0
42480000,0
42483600,0
42487200,0
42490800,0
42494400,0
42498000,0
42501600,0
42505200,0
42508800,0
42512400,0
42516000,0
42519600,0
42523200,0
42526800,0
42530400,0
42534000,0
42537600,0
42541200,0
42544800,0
42548400,0
42552000,0
42555600,0
42559200,0
42562800,0
42566400,0
42570000,0
42573600,0
42577200,0
42580800,0
42584400,0
42588000,0
42591600,0
42595200,0
42598800,0
42602400,0
42606000,0
42609600,0
42613200,0
42616800,0
42620400,0
42624000,0
42627600,0
42631200,0
42634800,0
42638400,0
42642000,0
42645600,0
42649200,0
42652800,0
42656400,0
42660000,0
42663600,0
42667200,0
42670800,0
42674400,0
42678000,0
42681600,0
42685200,0
42688800,0
42692400,0
42696000,0
42699600,0
42703200,0
42706800,0
42710400,0
42714000,0
42717600,0
42721200,0
42724800,0
42728400,0
42732000,0
42735600,0
42739200,0
42742800,0
42746400,0
42750000,0
42753600,0
42757200,0
42760800,0
42764400,0
42768000,0
42771600,0
42775200,0
42778800,0
42782400,0
42786000,0
42789600,0
42793200,0
42796800,0
42800400,0
42804000,0
42807600,0
42811200,0
42814800,0
42818400,0
42822000,0
42825600,0
42829200,0
42832800,0
42836400,0
42840000,0
42843600,0
42847200,0
42850800,0
42854400,0
42858000,0
42861600,0
42865200,0
42868800,0
42872400,0
42876000,0
42879600,0
42883200,0
42886800,0
42890400,0
42894000,0
42897600,0
42901200,0
42904800,0
42908400,0
42912000,0
42915600,0
42919200,0
42922800,0
42926400,0
42930000,0
42933600,0
42937200,0
42940800,0
42944400,0
42948000,0
42951600,0
42955200,0
42958800,0
42962400,0
42966000,0
42969600,0
42973200,0
42976800,0
42980400,0
42984000,0
42987600,0
42991200,0
42994800,0
42998400,0
43002000,0
43005600,0
43009200,0
43012800,0
43016400,0
43020000,0
43023600,0
43027200,0
43030800,0
43034400,0
43038000,0
43041600,0
43045200,0
43048800,0
43052400,0
43056000,0
43059600,0
43063200,0
43066800,0
43070400,0
43074000,0
43077600,0
43081200,0
43084800,0
43088400,0
43092000,0
43095600,0
43099200,0
43102800,0
43106400,0
43110000,0
43113600,0
43117200,0
43120800,0
43124400,0
43128000,0
43131600,0
43135200,0
43138800,0
43142400,0
43146000,0
43149600,0
43153200,0
43156800,0
43160400,0
43164000,0
43167600,0
43171200,0
43174800,0
43178400,0
43182000,0
43185600,0
43189200,0
43192800,0
43196400,0
43200000,0
